{"file_hashes":[{"block_hashes":["OTrSV7MzCrUqr6fYDeXK3hVZ3ywWBgmgh5NrWAthtWs=","jVUULGqlekONwBUS8KG4At753kWSBC1NgwvOM1xd5+w=","7SGxQHchb371u2BpiylZl98JShCcgqTvU8PetVmZ4aY=","/Gvk+8rM2CkwnoVSs3sE7ZCQ2+WBaaHmdZaV7Q1r104="],"block_size":4096,"path":"bundled-content-script.js"},{"block_hashes":["v6ZOl4Bws2dG/rL8QfqYuLgtWVVN7M5CrQ5iyzLFMFY="],"block_size":4096,"path":"content-style.css"},{"block_hashes":["KaNJicKKeKaO/PKohPuV7KHGqKEi8uDPOCFrvSuSlPM="],"block_size":4096,"path":"debug.js"},{"block_hashes":["g8fdoM6bKgXg0s96cxd9Yw+nJroAneDXOeUytbMQxpw="],"block_size":4096,"path":"icons/icon_hold128.png"},{"block_hashes":["1D3tHBDGz54XoanWyjSd/oGg7CrKEQvrqB+mNwUvpbM="],"block_size":4096,"path":"icons/server.svg"},{"block_hashes":["UwAnickvhz4SpjN/fIc68vz6+FSSrzmQ+AC6OCJO3Pg="],"block_size":4096,"path":"popup.css"},{"block_hashes":["OTVY3A8oxVCRldW4SHZATd8G77O2bxon2hjOIJ8024s=","Bn3qBBuu1+mY4XCdu5C7a9iyVsGeJRQ0ogo78e2SAyA="],"block_size":4096,"path":"popup.html"},{"block_hashes":["kY3LHybyLJngyX+3/fm/OnD1yebdCMR1xmB+q3heNYE=","vO8aGBa+3OS0Oz3AdR9Ys1ijoP8wJprPzjXVRAhiaRU="],"block_size":4096,"path":"popup.js"},{"block_hashes":["rYdLLN/bwGQxN+pA8uuRz0N2o6zjmQUIUHyxTQLRcF4="],"block_size":4096,"path":"readme.md"},{"block_hashes":["sanTcKgCIOxhyVe2yKUyNBfFOrAjeshSnZB3Ukt0jNE=","6p2eFuvYO7mu6XHDc+3iYunSqkpQvxN2kMKyGElXTHo="],"block_size":4096,"path":"ryd.background.js"}],"version":2}