{"file_hashes":[{"block_hashes":["L/aCfvPH3By5ko7nTkC7IUenXlzCocgeJ6OCNJzVefw=","L2UKF/80logzsTbV5DIZ5z7Xpxq4T8JMHfFgnxGjW1I=","MKnZqW+vfxieS8X8FOmdDEsgHybqjNfjMR2P4mLZ5ig="],"block_size":4096,"path":"_locales/iw/messages.json"},{"block_hashes":["cl4v3DCVb9Z3wBHLRNxh3hPGdqE7F8QzHDfJVIoCcn4="],"block_size":4096,"path":"background.html"},{"block_hashes":["XAK+o7VA9w3tP2/uyS33g25PyIT2CiqRvFUJe7jvEm0=","JP/PmZFN3FRQy+NzbH8ubO3Yy6jF7KlgJ732726dBrs=","3iBUtAC80+jHVllLaosFXG3vWLSBWLPlqt3+t4/Zj90=","+kSPR//ObT0Gs2OOuANXfPn5aGGFIhPRJ3sjluS1dwU=","ygRQpYvCDalRl/5J4Nn9xMh9SZWiQYA5vJKQkjPOPyY=","BfM9OLaD2umJX5zrYd1RXaXeN3O2Iiwo0uPOCSYH800=","lYbQrGwGptq4v+NW3LT6zui92ZGh0T+3ACBYcoh+2og=","T24sdPVgTiyQ63CJaYQmkw6eEFdvT745ZzdAJ2+KpYE=","+HTuxfVz84O62Ziwdp31D7Cx/S1zl1WMNL3cpTNUrm8=","YWjLQd2fdEGzyQqVKaIQXm/tDWLHOfgze12Elg/RILU=","ouTuimT9XBYi/uRf1hPvYFXEvhYWxvKU07csbL5yi4U=","BrGeOfo7lW4hDv+LXBw63hMRVjHMsl2rrymRUESSiMI=","OPCWFu4hj1P9SwJmX07aOT631eBZLI9ODVY55+HiWJk=","DajrZoEPkcBj2XCJFdeHF1kDJyBMLFtSIY6CY9G/jkY=","bKSCuk4OKvK+3uIk+ColCivRDqzF4K5CDtvECfCxat8="],"block_size":4096,"path":"chext_backgroundpage.js"},{"block_hashes":["havr/phBE+QYmQFomdYet+J2cP67PW3ucFLqdJ3u1wM=","xJC0cncR07kDQIjnNdbspVb9a81hfACrZjcJ/fJy+zY="],"block_size":4096,"path":"chext_common.css"},{"block_hashes":["7TNjePcI7uytQ5l8+yiXIXGfiC8gvGke6Nlrf6zY5nA=","u7gGov8Q+lVN4yiAqGP80XAWkwDnsYiF4G6I+suhp+g=","oMXkOlYJeesX6cpGpo5okcXc7/1xu3cHrpspFz5hEIk=","Yfk5Z5ZNgItfeY+h+FqbVYh65HyXsepNdkzYq8FTxpo=","J1Mf6qxZw3obhWujJfCeSW8nmSrS9qHwD2hdZ+tmaeM=","69aPrpW6SH/XVzwpXOed3YXfmqSFWMrnF6ScFrdeMe8=","l1vCgL+CzoaNIHuNZSYfSYfxrHY0QwUEOdDEHqDzkHk=","VDbRP/VEKNwOyvlr4AaIKLdB4WI4D8JbR32lsSUL2Sw=","ZOQ202FtNO3/Eu5CT3BRY6vk/Mc5kQu+kYAjmP8xElM=","4tQPQNv4TzEF/RB8/rasHR5UnPcdenhLqYcHhTzaRR0=","o2LmBegd18jcNGkwKzZGlFxw2nCEKN7w4QpBoDgE0U0=","nmlS0FwMWySwcQ8US9SzxuqZsW2VLiOe/uGwcglNN4Y=","fxlL6Jp3DvAYi2E93K+E4rg9k0IJJu94G8sIAu5/Glk=","N2AjHrh28V3ULFi1CSfdEUCqyO69IuZtY78i1YTd3Bg=","yRjcYTQyAc3OA5O/S7V5zsLdCJTJcWyp+hUOjImG4dg=","AWS9uDPCTaYJBLg3I855dNz83v5keQG2NLD6c0oFNcs=","wibeXh7gm2lvMfVluPO15/sRTKAqovRRnEjfjDyeth8=","V5ZT/PKfzywQ4y5rNZsagaR+0JhRs4aoVNESraMYr6U=","q5RJAhNnmJUHFAyj1Cy2TTsRkKoHPXqMthCP168NPus=","i7aDyM0Bo+VMDqQ6RS+9KNRNqN/yhYNmsMHOAtDzcsQ=","ikB3sqbdBmMPsLASYE7vdgQjEUgHjt/UO/LAQvNTCHY=","1p2eW96ENERYVUBF8woYZd7MWw8Rx6+gdE7LDEicoHY=","w9wnPpAp4ZqVZ00zwSmz1vWaR/K2OLUnPvvWm2wC7Y0=","wI2ph7DR+XF0C+6PNsEKqVdeGOmjeUhBrILyl8x98qE=","/yAEKVJmgbBrv2bdsUaA84vpSw9e4eYf4cMZ4fXiU60=","qEmq4EjbdaM83RVzAq61oYI99ioALVa272mke/mCcog=","lrlGpdOMu4iPMfo6EJQ9jxsQ/YMWFNlV0R8uJ0cCBgw=","Yrws7NOPDWqA/AWmGII6jU7D0cOhvn4R4R36+yR4GbQ=","qO/0WXDWWEzK3NaWpxXoiz8Q83BoV8jIougRPq8PY0c=","2oBXejmsbBEE4QZJoFfnNhHMq2JM1/bxOarBc9QPRlM=","ZsrLwzLXRxGy+xcQRBrWgWzbLXqT0zjHz50Q7p6QX9k=","ce3LwT4Jqnpdd7v7bCZyo63va3Yd+Bu1/EYh6lYGJdY=","9i952CDejw7DVSwzh6x1Fh8pCOEuxfTmAFQdy5Qfmu0=","oseeBnCfNKIWuQ2JTdr4np0X61cvMzMTxQh3b0iUK0A=","0TlsXSIjT3RYXCB9MDeHvDgOwLcf8uwfQN90wOHtUFc=","v82yW4HLY1EmYclTCUbW+Y7lyZxY1+WO3vwWefhKoBk=","jerGJZO7m3E6p/n3opZ4q8rzLNzRErnMuc15ZB+hUqY=","u9RP/r3d8+XncPGIYM0BN8YrSpKjZKLFw/sVr3r9SBI=","vkCZTOAJyVv5hH73VcfyPNfvW393qtaICKXpIew531w=","tnc2hKlZ+sC4P9loOFF+unLb0Gsy3amN1l7kyWDyK1A=","fhLTDt4GSy2J7hg9w7CzVwqZWVWz6rfWr/EgEYsU9qY=","cHbArLdcRKZ4/nI9ce7+3kZUXIXvpiT+n01kkAuujZk=","re8fl3n9Zdm2gdKYYaQ6FP6oxoZ59OYDMbs3g5ALeVw=","PiT88l4gzDq6YYm/PLkSeTaOTDl8W1zSywVRgxdh/YM=","xSGad0itiOQ1rEY6YRI7e13ONOjIG84MQJJ1lZ0ScaA=","HiiwsPxTYWp0oEWMm+ShHXY+fV+t3f0sJHqYs4b41kI=","fdDhuxMVygA4Vp77eEs2W8LBCKvDEdr2rD4ZsazWYaM=","9r3O8MPgqXxfANFfl9lB8+7w5SkKyjd9bhmz3fFG2Us=","2KkO4jlkKnNkHjM/qlFhKqUeP74DBBJ+2HjYtGH7gaU=","zUkLtoAFzAJrwHpQDveUC5HtFUHTFvMwZ/lLiw+5GtY=","L0/THSpFfTxTPbQrjc9qjtDuuN9QuifizYf+o/hGNqA=","y92Nw1WORARUNhpjBD1m9W2DLhH3IeP4PsEzpVym50I=","2i6OIO/PzVQ0p8gp+aXLjD/LLiAavbA3XpGesQeCDL8=","YpZAnd06A4f24YxdWLRzHUfOQUoogiGCNqEZa3hiijo=","blfzjc0MxMOXlrClYrnzzSihI8KBzgTNBK+tUGsHKBA=","KkESKE40RvNkSeHUIDWry8NKoOF94snhVRR0zsVJD5E=","8MwBwI4zqYodGCb4auhk/tt9EAsmhnvB/OpPBGbABgc=","8M91a+N6MqRke/5tyTSgSuwi7yKacSP+6rnm/27K3XM=","flvNOn/9nFHRUjpAs56H7Leap1c50k5qxZGGIZGDZvg=","w4x+niIVxwd0/LMzorng1WVPFKnFuRa+e9wmfA6PHS4=","rNxkVLwLSPvb/wR4dYjzteVSz0xgv4JOEmkV9mEWfHs=","MPeoh8ix9WXcbItqoK9jASC/VSJ0XZEtDY68e45UY4w=","sGK6UlyAtS96tD+CprdLp4fP3nCyZSjcPCmx7TGAix4=","qyXpfhOFhH3XLcjnkHTu+Qp2iOpzimJo4aEri0p5lmA=","NXK1mNcxL71JutOvy/jNmOSznx34sm4Y+pbPmY+ENME=","ZLjYE38pYExT/jRZXQy8OjIIgqBg5Pu5eQUQVC/3dSI=","O4+eRZXXIrZIHONPCxjduwxuQp6mOrprcfk48dRo7/o=","5yu+zz+pnZh/XmURwAcuV0yWizGM7HW9bsQIDYCoO0k=","JRHAxcbEUFwl1xmN9RAHq//z/mo+aYLo+uBdi3aTHFc=","wp4M7MEWBeAPlxH9s1yC/wcnt5Ms4YOmp/M5WMkI67s=","KYrvueP9t9ngSQ2IttzC604HUNRGcSRQCGhp5Rux9Jg=","6QAiWvmOpkS2be8GFrnHxPZcdIsH+XEVuXOVgQiiCJA=","Ll3F9vfhXWf3DyQWRlWwBwaSzkt76PTC7ImuQ3eOn+U=","/7Vi83nlul1osROpubmSMOZsXxWS94HaGEHsFJcMvsw=","JSFyhcTbaUJX/X8txt7nUZrOu6q5QHxKas3kkaBoCsk=","HUXvWG+Bfor2aMluOuAAgwymXhgluGzeBOPqAF1F2/c=","dFj0chj61Cv3x7GqaBC1EV/GepRKRKh5ON4qqM7akSY=","uDvXEqg27PMAYFBFO46u9Oz9xpeWC23dzyCEcKh6Z5I=","CNIW7xx0B/4mCrZnnSxgBlvbdzvforoeHPQpoAKpx0Y=","KETyCRJ9XYRCYbac1PJiMerTO0YMt3tUtvpNFLKAirM="],"block_size":4096,"path":"chext_driver.js"},{"block_hashes":["b/QVIEDGvdwKqJ75GU72kJ1PCfuuRiaPA2nNKoFyRIA=","XFCr3e6ltjGFkfqNUW3Z7/BR3pMItgegFfF+22kK3CA=","deftioXMEmAibKQ1AzZlsiEnpqI4sG4lhgAn+d+8XbE=","xHy0uefAQDwU8nAL6OUjFDk7nU8scSSSTdaN36rnFZc=","3ykkkKi8Hn/l/eOeb/bzEkrj5qt+kADhofqDo+92Fjg=","4Qhqgl+ajWopnRo0ufh10VKIA1BB1qZNwsij3Kkhtto="],"block_size":4096,"path":"chext_inputtoolsbin.css"},{"block_hashes":["lqnntrnfvlhhKf0Qk64CQbZmTyinGKSnloV90CsV5G8=","GLNzPY9/6PEmXhBpk/SXb57R5lrfdaLhsXBR75q0SS8=","mysGjBpvpkOw04g9qCq+xQRQJvx7StJiqzUEgZFrg84=","yoDNHAmJ+FvATdZEQmemDgNrdFlKRYT4sK3n+GV8DkM=","MzPiw8nlveDbt+n/CzgPH37PXGKx0CxnoUNUVFUjFsk=","rk4pro+V89V+sP6p1Gd/1fBeqpPv2FuWuZoT4ZvpaHo=","n7FStBDwdn0L1DZb3lh8/lgwf+mUm9+oOCCZN8R2lEI=","xYE21zzocoV+OHSqjTZ24PCMgyZj8inqO3yXi8GTktI=","ctmUQNvVEMYWvymrjUg6Nt54CGtN2U/7lknESoG/0N0=","r7aEJom1IdcHOmcInj8b16MSGj3EY0lZpqb1Ub/tNpU=","gTrGjSZTdDrtmcx4Y0KapSwgp7CKM743lE+M94/xXLc=","+gu8en2lEDzyZbURKgrLyrcxAyCU9ZBSEJ1TFbMNYCA=","XxiSFXu0SIgT0PRxOde9RTGWeAAVQwohAQAApkNvrNI=","UvfhGNzs5nB8VP++qNy29R9EwV5S12DDKORrM06g84Y=","SxlbUytKJHM8txKlWD84ZCF1sA8wJofSDxbtxyQlkeM=","qPSYF4d82IdayIyBs+QiKGkTfH88SCEwSEYgebOWGKc=","eGiZcemC4Sd2eVUKm1Bfv+tyzEsNcOPE18zJpvf0kcc="],"block_size":4096,"path":"chext_loader.js"},{"block_hashes":["zpFvResvl4plrL/QxaWCOd35mDtjPR1Ozpfv9yKB8vI=","dDRuZzMlaOmU2U5WsiWerwnPaLPeQsIOKQcBs0vrGco=","xKsGPoT4zsbiMJUZXCBvWHpZi3CKHevg5ApgGZZCkGY=","kwn7CF//S3Jsq7UK9524X920n7Q7PVtSbavoyWcftvA=","HaiJYPM4pf4bJDBAI6v1sgLpRQTwpV3EIY8NwmanuIo=","sGq2bYQneL2B/uBrdXJVvuZbvQ0W/UKM/r+AeHt5aj0=","8i8NnWgvlxL249ap+N63HOWXXa9dS+YqpBRwBMWHXsc=","9GFblF9Tjn2CJXfecaEs4rkR8yuKETnKmm6KqI8vwsM=","wr8yXSb7OtB/l00x5ZJsLWkznWp0LXxz559+vIXIZLc=","zBIDe2BdUXrZOGvYW9vMLGwfti/6QV/EQwIo+Y1ujx4=","tGhZyXzbdgOqT0JKGwUOhPUGKaZ+CoqTYWulymBdqIY=","Lp8gydP5EyY4TT731rPwYwqt0OVICGa85hIJdl6gsyU=","5UmPSen3o5zPdZAIrgpWnXFKdt5kDtKMr93heR/WE5A=","aDuH+VA6+jDTgjV76QMep+rixna2LwD/msDs25nvI3Q=","8Xxvba3EAlGt00aHqmJNaqDpTyooO1nsqcRtv9BjjyQ=","FubPdGq+ZInNHl3oKtGP7n4MqEGpChSQGMc4mZMK35k=","/alFUv4qsw9bBixAQvpru1/2GdAM00G42q9UrtdAUqM=","PjCUVt5eX72XLKO2EzoNMCGG0XH2kVkCxm3Hs4SEEpY=","nS7oc935/jbbLv7xC3tWwmqUQwtVCNZ7wv7pcM33eUk=","cah1k5CaQpS431J52BfCRy1jUbwcnUwh8S/NXOFJT0A=","PdDxNBpFjUmL96g47sWVzBcA+DqggtFu96/HD7RgnCw=","OI0nI3v6XAHCzWbL2vS9y4vd0yfqpkIvfONjTyy67mk="],"block_size":4096,"path":"chext_options.js"},{"block_hashes":["19pLfeJGctOOFDDr71IMkD8DgvDFWPhy1cMALTV4a9c=","iLyyC1a2NF9JzllLhObCoEDYuhYo8sew+JOISO41VZw=","5qRZ6b0u2DnHBBgU24ubHmQOgVElIONYc74rbkGUAbI=","AGPBl+RfLAy3bD2FrGTmrIhTCQk+g98aJ3mmfGcGs6s=","n5TNtP3xsZ8lHXhDU9ZE4E6mhS0gBZRo7i2ouZqSNbE=","/8GZAov+L4n9tb+RTGR99KcaRfc6ESgOAK6QUv3f3AU=","GYdmV7RjFdtrl5Ai3E8JENDGlB+NcynGagaWGXBNNAI=","8Ch2XclFrEQSLYkfEqrtNLe12Kp+4pj9VafbLh9ZDuA=","zOB4Ttque7lFhIzoS8MMpidK4ZcRaDpo93nCTmTRWrs=","3zjKwJMfhkMJ93Hr7Hddy6m900ORBQx5B1jPapTgHUE=","NvQjmrKjFcz66lOn+E5T0pvXMPbVJ96XyCOlTGwynME=","g9769WL/JIuwQxBdtW/x++j32fIwfepbxCFPkgLAcOE=","4YQf0ujDHNwc2jloku7krTnk7MG3OHzsThiSNRKKBGY=","BTNIUNhpotU+cJ1sO7XkCaFoSIN8asBHyC8Td5MfnA8=","uqoo8EqwAAGyoR0n1uFO9p3ks4Cuq48AkVikGKMLrUM=","NwrpSTFRyNmAN6c/r4bKTHCr7MTumWqhP3cYQvrx5/I="],"block_size":4096,"path":"chext_popup.js"},{"block_hashes":["RZucWXjQ5nllghAzpn617VNDLbVTCqm+0mtC3UhsJAY="],"block_size":4096,"path":"chext_scrollbar.css"},{"block_hashes":["MMxMYe4OrZrKgF43v/4ECa5lGYYgye5G/uNLGQvbpNI=","LvLzs113yE9uQRvtHqzyL6+tgc77+5EllwQuJZL3i4w="],"block_size":4096,"path":"image/Chrome_IME_Active2X.png"},{"block_hashes":["EtWpOO4cJp/jYmB4e4P0sOi/AkehF8hurdmRxCn95LU=","LvLzs113yE9uQRvtHqzyL6+tgc77+5EllwQuJZL3i4w="],"block_size":4096,"path":"image/Chrome_IME_Inactive2X.png"},{"block_hashes":["sUQuhbA73K9m3FjHq7mHRd0mh9hjUL6aKYodk4KshJs="],"block_size":4096,"path":"image/cleardot.gif"},{"block_hashes":["xPSDA+FWlw/w1kbbol1yH3VXYgXC4SlwQPiywwfzcxk="],"block_size":4096,"path":"image/flat_input_tools_logo.png"},{"block_hashes":["e6/q0fCHmEX5E+CfX6tJs0o/vhAoSoxt08XfbbFtAak="],"block_size":4096,"path":"image/flat_property_icons.png"},{"block_hashes":["+rpor8j8C49qnmKQyuH+wKqTOOFM709RqDArhfGhfqQ="],"block_size":4096,"path":"image/google_logo_41.png"},{"block_hashes":["pm+htjcdn6fTAjIeyQVCl9Aa6RjGvjPo/XlPwfXCzVA="],"block_size":4096,"path":"image/it-128.png"},{"block_hashes":["3k76ew8md9PNG+csEafpOf79J6VW33XlNiog4UL0GRs="],"block_size":4096,"path":"image/it-16.png"},{"block_hashes":["OS3B7M34UmZqyDmftvILRla29C/gZE9XqDpfoPCXII0="],"block_size":4096,"path":"image/it-32.png"},{"block_hashes":["qfTGsAMiae1eTK62jHHmuGj2jk/mEbMKzwjusXzY1ms="],"block_size":4096,"path":"image/it-48.png"},{"block_hashes":["cgVPnD5TDyT7YrnM+GkWyB9bEm0PaiNZ7pY5aWBfF2s=","pIO91tjN4qiE+1kbLNFp0cCifxU2wbuP0zFGmaMOvoM="],"block_size":4096,"path":"image/ita_sprite5.png"},{"block_hashes":["WE2ss/uMgLsgH2PF8+FoQJcGHjyOde/AiQcIyCOzjSQ=","9nbdyfhyW6LKPznQD3DV7WpJuJKZchd9hFXlZYcm2E4="],"block_size":4096,"path":"image/ita_sprite6.png"},{"block_hashes":["bkCGpondZKsOVzgzGfeBS/IvJfE94yF/QXbHORmVRrU="],"block_size":4096,"path":"image/pencil.png"},{"block_hashes":["q4+/ev0o3Zr4vl99G8e+OMfMxcypQBMXPZCDGNoqZNQ="],"block_size":4096,"path":"image/search_button_normal.png"},{"block_hashes":["tWQHZ/E6+rgSmlcpnhEGEcyA8OuXZTcwUtWqWuwAYCE="],"block_size":4096,"path":"image/voice_disabled.png"},{"block_hashes":["pxSXik0AcUUJNw67nKX5ciheL94kK1Mdc0qoHbMCB1Q="],"block_size":4096,"path":"image/voice_enabled.png"},{"block_hashes":["TPth4w/eBr6xo7qJtKXKs9o6Wqmrvi+GMEpqRW+OBEw="],"block_size":4096,"path":"image/voice_speaking.png"},{"block_hashes":["eart2pgk8xrSQDOTMZyd/jJtCeMMtKQK99JAEFmUI2s="],"block_size":4096,"path":"imeconfigs/am_t_i0_und.js"},{"block_hashes":["D8fkLhc9IjEhcAgLn32pLC4P775ko4Re+z6TjQPpf94="],"block_size":4096,"path":"imeconfigs/ar_t_i0_und.js"},{"block_hashes":["PJQBfzMsPbRniDNDn/IKyXjtpU8JjAZiP1QDzfQWQak="],"block_size":4096,"path":"imeconfigs/be_t_i0_und.js"},{"block_hashes":["Ad0MfVlInAWYvHeodjRmLFCg1Hs+AabsADWjEyGgjy8="],"block_size":4096,"path":"imeconfigs/bg_t_i0_und.js"},{"block_hashes":["W+K4/ee92DFAgZPURTxXH734V13ystf7plhxEwDTBWo="],"block_size":4096,"path":"imeconfigs/bn_t_i0_und.js"},{"block_hashes":["2A37Jk+yF1Q3+sR9svoLDDYN5HPymU03qFmBtfXnNBM="],"block_size":4096,"path":"imeconfigs/de_t_i0_und.js"},{"block_hashes":["+uRoBnLVrjljNV6vGnSrqmAZqE+k6Z/+9fgVvtcppNQ="],"block_size":4096,"path":"imeconfigs/el_t_i0_und.js"},{"block_hashes":["KSqRRYz8rjZkoyf63TgbtEczSHkLv1tlgI/1Ku7PRMs="],"block_size":4096,"path":"imeconfigs/en_t_i0_und.js"},{"block_hashes":["W0KcVPS9aiJeDe1k0CJGWB0znjfomr0x9D1kjynYMAw="],"block_size":4096,"path":"imeconfigs/es_t_i0_und.js"},{"block_hashes":["2w8FhvsKJ1FKw1qGvI/SYced6lWyLXtCcz9Y/kKTrFM="],"block_size":4096,"path":"imeconfigs/fa_t_i0_und.js"},{"block_hashes":["ggahkNPDEIfpTk2X48Hvf5tyeqAPcbedm3lp1Xuxw5M="],"block_size":4096,"path":"imeconfigs/fr_t_i0_und.js"},{"block_hashes":["pNd3qAgfq7suevJ9k3ZuPKnm1towU+UZsbvK9K1zcUo="],"block_size":4096,"path":"imeconfigs/gu_t_i0_und.js"},{"block_hashes":["v3FVyG8ueZPkCUPOhsF1Vc6+W+18e08LWxEln/drwN0="],"block_size":4096,"path":"imeconfigs/he_t_i0_und.js"},{"block_hashes":["iiU2oiZuoCTRicZrdzzVVj0dJOZ+Onm5uTEvvidUmCw="],"block_size":4096,"path":"imeconfigs/hi_t_i0_und.js"},{"block_hashes":["HItF3G2PDw814M2Q7XcUFFQAQuTTrpgR1dMKsUtwPJk="],"block_size":4096,"path":"imeconfigs/it_t_i0_und.js"},{"block_hashes":["qCunhlz7eI7q77JV6YqkgA5sZ6SB0lLD6gnMna20vdw=","XO9Tzi4rrDFMoKb4oHGRUI0OtmSmQfOZyyI46qe6Y/0="],"block_size":4096,"path":"imeconfigs/ja_t_ja_hira_i0_und.js"},{"block_hashes":["/tIJg7VOsR5NTk/no+ZvrhOiHP42Ebh4tTpyQgkQx3w="],"block_size":4096,"path":"imeconfigs/kn_t_i0_und.js"},{"block_hashes":["MNpajj29h5fr1msp4gOC6c3prS3b6WGUeeP67P7k0Rg="],"block_size":4096,"path":"imeconfigs/ml_t_i0_und.js"},{"block_hashes":["WVDeksRQhTjrG1aIzS0IrLyWGDKzDqxl+z4hrboUiVQ="],"block_size":4096,"path":"imeconfigs/mr_t_i0_und.js"},{"block_hashes":["VmOq6KhgDImN0E8Ycr61pyF3n7TvBLjmNYqh8GzY2VQ="],"block_size":4096,"path":"imeconfigs/ne_t_i0_und.js"},{"block_hashes":["GIznHQsHfipataWVbe9wVviQ16oq9S0ogn+6lpFIBH4="],"block_size":4096,"path":"imeconfigs/nl_t_i0_und.js"},{"block_hashes":["clu1MLaUYqOaF/UxffgNUVhWWnmeYKkarluWWMa9W6U="],"block_size":4096,"path":"imeconfigs/or_t_i0_und.js"},{"block_hashes":["fXqgb5Z3pOOxKJ3JGl9B6Ll4p3bY55c70gtDkRHdPYM="],"block_size":4096,"path":"imeconfigs/pa_t_i0_und.js"},{"block_hashes":["5EwJL5Y2wha90c39uPuqgxO/2t2gjV0auvUIGHbcSHU="],"block_size":4096,"path":"imeconfigs/pt_t_i0_und.js"},{"block_hashes":["+esoyovXovqjonNZI8yzgNSUvio5OUAHfhOLumKHxyI="],"block_size":4096,"path":"imeconfigs/ru_t_i0_und.js"},{"block_hashes":["YREhCO1qYY/9slLzOcVXLMnPTL1sBWqw0dAQd8PG4bw="],"block_size":4096,"path":"imeconfigs/sa_t_i0_und.js"},{"block_hashes":["13yaXBqDeebrqb658tBFWT4lB3J9YgEI+MX6+w/Q5ec="],"block_size":4096,"path":"imeconfigs/si_t_i0_und.js"},{"block_hashes":["sLbY+dd3YqJSO3pebIsFj+xesuJHeRvi8mBeT9CUoJk="],"block_size":4096,"path":"imeconfigs/sr_t_i0_und.js"},{"block_hashes":["reRVs84w8QtiTCcGFfv6q/KG4sXq1PUVzH9SmivZNrg="],"block_size":4096,"path":"imeconfigs/ta_t_i0_und.js"},{"block_hashes":["DF/cJlQgN5kMaq4PB4W7i6JEvxB9hU7jmVIlO3GIkaM="],"block_size":4096,"path":"imeconfigs/te_t_i0_und.js"},{"block_hashes":["lR/QZpuPq21z/wX5nUFtw7UV97/pJJUKSQQkR2sSRbs="],"block_size":4096,"path":"imeconfigs/th_t_i0_und.js"},{"block_hashes":["/AWSpP7xVBwCjNdjxw+n6Bxrf58Xe8rU20CnAWjcl74="],"block_size":4096,"path":"imeconfigs/ti_t_i0_und.js"},{"block_hashes":["t04bnqxElkvPuEIdPTtbPPXbtywZQvzFoN7eM+OPDT8="],"block_size":4096,"path":"imeconfigs/uk_t_i0_und.js"},{"block_hashes":["oyOo9KgoTulWk0WzZgbhYqHT/gnIBWrkev1ir5npUiw="],"block_size":4096,"path":"imeconfigs/ur_t_i0_und.js"},{"block_hashes":["NMUttvIe6EuVkNItNEhlZ15sOPFua0jO8wFgbVjToYk="],"block_size":4096,"path":"imeconfigs/vi_t_i0_und.js"},{"block_hashes":["n+kivwDNHCWc50ad5SMiNxAjsK3VTL/BBmxxsuEwASU="],"block_size":4096,"path":"imeconfigs/yue_hant_t_i0_jyutping.js"},{"block_hashes":["O1MfBAtFesx8vCzMM7/2ESDx6bkCXYdp0+9qAArwJ3o="],"block_size":4096,"path":"imeconfigs/yue_hant_t_i0_und.js"},{"block_hashes":["DXsClOV8z7oEKQ1rxHeHyzQ2t+OVH485Edg36zKEOPQ="],"block_size":4096,"path":"imeconfigs/zh_hans_t_i0_cangjie_1982.js"},{"block_hashes":["gU0XjTeuNScJV+koXFL3yWNL7ezupWVDBAEAmzzYM1s="],"block_size":4096,"path":"imeconfigs/zh_hans_t_i0_cangjie_1987.js"},{"block_hashes":["kp1lGh+c5vYgI8aKSSDc6EoTV6IaOdxurRkP7Wi+QMQ="],"block_size":4096,"path":"imeconfigs/zh_hant_t_i0_cangjie_1982.js"},{"block_hashes":["M75PbgFqS4oCOUOUf0t3F3WYisVAO3b4Vi12L254Sf4="],"block_size":4096,"path":"imeconfigs/zh_hant_t_i0_cangjie_1987.js"},{"block_hashes":["QbCnl6CIN0txGmdAdP0CAn1inX243w5xFEuhUjXdMv8="],"block_size":4096,"path":"imeconfigs/zh_hant_t_i0_pinyin.js"},{"block_hashes":["+5hqpZqXEpn9u/NbNJ3T9xxkoeVPy2f7H6rrrWgzxog="],"block_size":4096,"path":"imeconfigs/zh_hant_t_i0_und.js"},{"block_hashes":["0U/tZNVZnSUcQKHQ+w2eH1yBvsbX8XDiKpEj9N1M0NU="],"block_size":4096,"path":"imeconfigs/zh_t_i0_pinyin.js"},{"block_hashes":["44pYAYHcYPIHNF9rsYrZ7BIli5sBfdwUAL2Rjb9FnnU="],"block_size":4096,"path":"imeconfigs/zh_t_i0_pinyin_x0_shuangpin_abc.js"},{"block_hashes":["1gnozoJ+4LNwawn7cIZxR2DXuvA5YCQQ9X12xlj+ZlQ="],"block_size":4096,"path":"imeconfigs/zh_t_i0_pinyin_x0_shuangpin_flypy.js"},{"block_hashes":["Zpu1eTWh+hKlCjBUOXXrjn1ZY0S5R3kjOm/XnjmN51U="],"block_size":4096,"path":"imeconfigs/zh_t_i0_pinyin_x0_shuangpin_jiajia.js"},{"block_hashes":["DUpv7VA19GyfxBM+zFOAxsNH8UcXny9WkJ1u1fVG/10="],"block_size":4096,"path":"imeconfigs/zh_t_i0_pinyin_x0_shuangpin_ms.js"},{"block_hashes":["sCBAI0ItLEKHSDya/2Q8uHlG/hlRazdcfhqJe1Nu5cQ="],"block_size":4096,"path":"imeconfigs/zh_t_i0_pinyin_x0_shuangpin_ziguang.js"},{"block_hashes":["ePHuhyoPfIK8Crh1YwioQtNzl48GmuIzql/DdGA9aV8="],"block_size":4096,"path":"imeconfigs/zh_t_i0_pinyin_x0_shuangpin_ziranma.js"},{"block_hashes":["F1PE+XEo1L9vFQhuq1Pyuqmnc+Nm+VKvEMadAC8yaS8="],"block_size":4096,"path":"imeconfigs/zh_t_i0_wubi_1986.js"},{"block_hashes":["sXrpn1Ho5zdBTaHZ0Va7mmBrRnTJLUMggfi5K8EK2eI=","57SHisf4HRg79WyrJOso6HwnQ4+X2AUSR0XXudcOj6o=","n4GOJlJEFnTHVPZAMxnld2DGvOCaZcG6xoiPOQduSUs=","OcpsRqRM3eC02PsAQqMFU+S9z9mlTZy5ddmItD2q50s=","bsQf2ilB6TGBq3BduS3m2wjZem/jpwBCtCRAuU+w0wY=","3p9QaxYp7hqRvJYq3b04mw0zCCKsCynVO6rUDELX0rU=","VkPQqvCtAoFD545oqzhJCqt3k6LMRdHKTAEBbjITbj0=","grr7LZ1sLio1UNyjxqZ5akaSnjY+Y8pPvPUw0XQub8Y=","4EWwHUt6cyibbs5J/YS+FIHu+LbLcT7m0MV7wpx08ZI=","KvAkx5Y//uVZw47XxyniU4ojwVNfU/yvK2QBjP3ibPI=","Lee8+5JRJ+VcZRnUaEgM/8jX274QNC1ul1q1lC4epRM=","87r/Pf/jpzKsKI3kX615DrDwXcUKcQ0cJbcqlleqWho=","6PbLnrfo0/V052Qs/Z33sekDIRonbW/2eeL22W21GJ0=","9hqpaNrmTdVVtB3AKWTYmrFDQp05saCccFNyUVbRx5c=","qncigOIndkewO2IXaBYkJU58P1bHF7hIrgAmfqkhiUI=","45PaNRSljd42L/ZTFqoRRZgYPwzdqtHNv+5Ktqnl4aw=","a/ggsQjjmVMAab1KE8/Wa5R2l3aTSOgknx9wxLtPVYE=","zxmqzIeFk9dBVG+jVci4A1q71dkdrHNxIYu6wN7/QIA=","CJHsX270+HK3ZQ8MeaF8CyXpHPi5i+BNTi8Xv/BTboo=","CyxaX347Xul+O+qMHd8YTesUX1z4J7OQuCj+3SNj0Go=","P/2FlDBtdWzQ0AFzPS/19joqT3VHWCKvH6nebiCqbIM=","5lePt4cV5qto38p6IZj2zzROM7tKEOMfvpsQfV0c26Q=","3N3yJJ2EsRc5E5t94h0/aollGrydUPcTMoVGTbZI39Q=","FQnQt7X91jV1vsvT56dFFi9NHJiy9JRAiUsNH0Ve48A=","QefFJbTMy15Z4tt9iOlgBVFUvoNAwVRhDEMjCX8Y91o=","LVrb3F47naCSjWh6pJ8y/N9ZDEFyeyYDl4XtsKCw+4w=","aR5SSlrWjUjGzak0uCCtLikYrfS33u0d+iHIwpgp3og=","GpH9bYO+L56n3L2dDQf+1zbR1wuzW1839hfuUHEcuGg=","JNLkkWs0+6fM6vgkDJOnUdl5ZGPmwarQDM2e2x4CCeU=","Y/aur1ZQVb/Rv8NqvzzjCFeGgyA4QIGvZ8gUAh6Cs3A=","b1ww4vHgglN+Tzk5gpLi/vlriHz7WvKVK7jXXEc7BrQ=","hHXwydjtM16St+v0ZEgCTdqx1E0acP8nxmA/FSj7NwQ=","/Dr0btyudQebBk5ty5sxi11Z+7hLE+2/NdVTtUEpbz0=","bEpXQf0X89Y3hDADSZfiNmrLUl3yx8XyqQyPvg61MPM=","ySrND2fyl/9Ndn2m2Wl/r2o/He6AvBz9SYdzo/+UJGw=","PRpWjSLfpxHp46CwRmX+Bgy+AWIOSJM9B6eze9SdG8U=","7Ai133F1iKJrufA76pnszCFKmONxAC/2fg92R/sALbQ=","dR8ZxauQudYEn5GGN3BGC3LBZ65GRpp4/pyhlEpxtc8=","sE4vlC1w//VW82LtuEwwZDTjSYWRXcl+igoR9cjK60I=","DxmqTQQUm90KPVPzjRJK4zVYnLHcWWe+THlM+P35fGI=","r65JXGa4xAPyjPgrQR7JmFfMb0sbQSkHSHjy1Cl+nv4=","sxS4Xuq1FZk0U/bQ0ZWzna+9HL/K6JwcawEBnZ+gKRI=","P6F5M/Ldp51YuH9vM8vnafIon2INftz4JsnFKx/poVM=","MgP5zU3qShWTB/jx5UeDZFOWtjmp9acSefk2QFovd6w=","uldBa6kA9cTtx5XC5qqd4S/sTKEM5BKM0qfGpGPG4qQ=","pw1JbTh85eGm0WtQAXbJ8BuafYsiUY+u07t2HIv0/hc=","U3JXg4/Wr5HuTbyPgj3QT+wtQYdwiQP5D0JDZs8qyVI=","ZIp1hnP5fA7hRIPynnydLBfb1CQ4AGxhnFakV9lU8CE=","Qu1oQ9Hy1PKMkIHOdmMLiZjoptKiRqm+RXKfOzMNuzI=","9uckyJWUqUATPgNQkYt9CwMvrpMVtetJRk+1adG7IMw=","Bsl2wXe0CSdUJRIN9jJDO91e0rR+NSCFTBy93K9w++c=","Yn8YDWpYu3u1hISb6UUxMmOkjVvh7hHUzb7DFYU+jRU=","JGxSy+SPfMNpAYKtSevVCKcwdfkSaMvHOa6lxVXpEnA=","pM8LrUqgbjWqHdIHJYBq9JHnKUxYTPk0/tIPB6HrgFA=","Csm4iSsbFC2RY/s1e8eIYAEKpVB/N8YnoK3U+ye4870=","MJ5t1cGIvzzgiae1+iTbayPm564GuzNkl7BcSK/pAuc=","WVbgrPFQ3a/HW0KED3tLLu8q4Lbvvh7vM2zAyIm/gEg=","JwV+G/RG+1khHQY6knjIpzXSsX255l3/EW0o+uXotLE=","uULEDrCCuqLYhFOdRByFJNuVSk+BDOjBu06S66HyAgQ=","cV+cnEAZCMAtQX+2roufmtRjS8iGWBVVkaLlw0UdsBo=","+lWYSrpFxLNLG6M4C86DTP5aMlPWFsYikQILvwKMOP0=","tXJCi/hyh/+H0RwhDhuPMRABtZrA9OSgNc+oE43FuOQ=","yFvAPuCqZyYI/KZ1uatS4/iv97OrK9ZCS/deCL/N2i0=","hsnIUV1Fbmrx2qNJB6G5y1G/KM+JgIt5to3h9nVtsoU=","MgkhrVfeDfSR/Oj4nqhWdW/rH0t1GhkmdnbXYXbIutE=","TV5LFZ7OfVuAt/A5hH3kM/V7FD+zCgqJ4Eo6XgJybto=","pW8t71dEqU5YqrZGwwvPfgkrkfa/YHnlZzdTaexdKrQ=","pVBRYwZixSaHyHN2mZAsDLQKl7hBcUYFNdKNTk6TGrI=","oQLBUcc0hwUmB84YLSztjRrQZ4PMaWk98ygsfpUkGWY=","OcfHlp2rVSpuULj5MH7QT+5gcDd8zPkYrwCZpQZ9yIg=","qaz5MIZaKfaJkwyfgqZX8/gfUYdcJLCik70TfNfyDy0=","GDdtH8E6MKK+cQH0fm5HwssFhNus4nTt8AdTjOj+FVU=","zrrulVlOZNXmktWp7EHQ4tzpoIt2mZpGT4XpX4FoEzI=","HZqz7pXVN87g223KmZ+QkRlod1m2qpE/LWxfjwOUqbE=","yIHHidCvas5D3HfrsEnpEb6d7nmE94mgJFzc5ksMHng=","yn/hccQJvthZk5kWqFbOvMOAAh5f5MhpntBWQu2xs18=","4sUZOvnJdAHQP5KZwuq0J+HczHyVt13q/OzVNdn1OmM=","awQsAUtOn1C5Ga7OjULz2oUjSV6gJcCFScm0xKmjOBU=","v8gT5RhtUd50wtjQKhrogxxqHcFFfmhOmgF/OtSAdmk=","cZfHsiAHlymQymJ01O5/idhavq9JjUCA18lhBeSZ6to=","hvgIWN4P0yiVfoifkB0F7vx9wmDzRHywHqsW6yxPvPs=","s84n2QftkMr6lXPdKUrzsJg/MZp29l782sOJ+vblSzI=","ao1/6higV5Z/FtfxTU4LW8msDJnjXjrBTFJeD7kHTV4=","Tk6JOWLFvp2v5GUG92VVlw93z2pwE9Gn2jkqlfvOJwg=","+t0S5GdlIYMGvvve5byCY7tKX6jAO5QWeErZ3qwLcvQ=","2r1XpxovRFhvOISxdja3GtXHV8co3r+b4SHe1Xu144c=","+iX9bO/tFNUjWZPKxOL1otFyVRX3jNbrD562DojKgv0=","ihFrBffxAubPyWw5lImh2kmgomxGux6jf85I1/29vVI=","gllJwsgAnk5QGHRkoeS3iOkZHEcIzUJKL3UkzqWNpcU=","ZLSMQ9hzRDZplXbJGbmTiRS7jqG6gMOeTu7Iw9bty5E=","BV0lRD5x+o4Mgzx5b5MUxw3sErYpp3hTjWSGlauCACU=","gTxeDJvh9MolffTKWkBVarwhkVAIwvTm8eAXQle1VqU=","XjK1obOQlmjbGRPVMCLrH06VrPC7cdUotp9fmLrw6GY=","wSQgrmpldxF8oh7H6npzSb8oPr47XeW75Brm1jPJKXE=","W7ANe4SjklVh6pcAlwkOdxtxvwbTkvGslwqk47i/FUg=","PXh1MYsBEFcWw4B3P5ODzGbaOTFyT/XFPGRZKJEW9gA=","9b/RPoGYno67MhMn/xjeXxyH+Z+a4REp/VXjTp4o4Aw=","toD2nFst7KkEuVKXzvwA14pfl7nnWImlKLClI1GI2Gk=","XV4IKoOoYS7JUz6/5fr5huW0KW0h1g94f3F/4SRj5zQ=","iHOsh8Xl3VSc3Yz5YIlN1Hz3+gLBESqbw+HEbTN11No=","2C+y514BRk2mw/Ftb6UAw7TSSVkdTBbqHvWzCTCPkFU=","RgX+Xr9rQCD/D3fPGJRgbU7XzpJW+qHA8FKbWio13E0=","3tQev/E/8/Y7sC5aaQOQBweb3K9ddopUe3fQCN7tmX0=","P+PsSxW0C0+6B5dP3Pi9kG8+0kFFHJtvxBRKfw8M4ZQ=","4wPElabYve/AX5oraL1Nc090yf3wTfw0r4hUqKerXpw=","7hCanyIIcwt+/zHExy+2DUMwEz3NB0XzAD9tjcMoJLw=","gG4tIgJHlmaWMJ+QLmWdceHLnTUBDTnf03lL92qc0oo=","3jlPnu5Db43HKOn590+NDvjv6k1hYENtOPw8fmHBx5k=","4CeNeUN70omxOchLayeX9qfdeV7o8C792injDIsmyR4=","wKvRYZFa8UhiuD9BLlWyM2VzivIw9Vwvbyfj0Fg7Ec4=","DV5gQS0S6tePrX5ACNKa4kldUrAVMLtjP2PNtX8ZOfo=","okUBqdKRReJ7MRPzWLmX+CAg201wF1jJmE2wlz6VXWM=","MOnKes6ksFbGRUN7fRZYBONhA14c9e3pwehZc6h3W68=","8D1ckrAaKkMyktIVMX2YEbR1bMCwI6qUlNp74i6L1U0=","wvLPWxtP3HsZC0gg43/BpF82FPoEfua9kTxzI92KLgQ=","jnUgN42x8CGdJEgB4yuv75MadeIv46TBLJTTeG+z9yE=","sDYMupqw7LOC6eOh6AVr014EkNqAOqK9AgmVgfF9h1c=","k9Ng5NVlvdBKS4QeLFLVPQ7C/Tq8r+609nn2LFJgxR0=","ONpG8040HBnhXKvAEaB7JnLFlaEmLaZh67EWCevtmvs=","HVVRFf4qWgFNpH6oJk4soLwT3mw3YJKJMhRqel/48ak=","wtXN+obRDD+796sItLkPYGOhRdleeulCNVWK+SgYhf8=","FBvrCKTn1FoKUVOgxL9hJ02O6ulI6GafZjuGxNd6Kbc=","HBHVkfC4Z8cZOm4va96PgEQhG1xYmfOwHrY2PBB/Ri4=","yjtY/4zweMYGkxPn11V/dKJvMI1K0Z8CwRDujzk9u48=","X/k13nN8uAfJPxT1FBHgMur3oiIf6v53LheSW3yCUgk=","gHKZOofpz1u8PQg0jA+kx0NbORjDbF9FVq3r8irKJY0=","xkpWcAizJLsiBx+Is3nz690Afqdw/6jqHcBX5XpTUxI=","1DfyWAIi9pISOWTyH0XABfRyQXlRCicgCulC5lQxOnQ=","hmB+Aw6Wq5emgciBbjCBCsUcSGeRpgUbJTrAXp4N3js=","4GN9nS6sKhBKmPqNCJiED8d4xnwRJW2s1qH/VKzSBIA=","elYSNIygKOLTEjKAMb7yam6Srpb3GImSXGocm1d/Ho8=","XvKPPtwMxfbl6lxMTy57a8B093ge46uD2a6UEW0I9Tw=","qsOR4psqEJNeI+71oAyLYL4hRdrSUoO2uaYfdJ/YRWY=","fNOXV5wSs9IUvpSsqPnbBMJQtCcJFvzTfGhWzD/gJ3c=","2WOrx7sV3137Lvynt9k/d/vQD7VrW7vykyEtgPh/nr0="],"block_size":4096,"path":"languagedisplay.js"},{"block_hashes":["BBnsdeMchu0tbcmaqrNWZso1PbKQdsmFMtxAZGg1ftw=","sjMYMLbh02T1EyKdAl2ndGjJE6ohgvQq6KkMuEzcAzQ=","eOFwiT8rOnhBZc7qzdkIn/2BchWE0Y/24VwqrwM09Mo=","sfdj+i4or3mOv6aOA/+y+tkKXULENItlKFqfAz3SFO0=","l/JIwwmLD2WYQ0rfwcw139x7klUuBznqOnzN0yhnr9Y="],"block_size":4096,"path":"layouts/am.js"},{"block_hashes":["rMIHiy0U7DMYZRHwWl7zq5y+Gy5AnqzbUXL1tt3lGX0=","K+j7zGFmuvx8D0AJfPd4fhiCwSEOCzRHa6UluZV2kmw="],"block_size":4096,"path":"layouts/ar.js"},{"block_hashes":["GzcyQZXCuZ9Sw74gtZFb1rc8mtx0ziffoEe8vu210Ck=","DdfLrkglLWbU/+slwieRDUos2mGV9i5q9Tw/M2hN21w="],"block_size":4096,"path":"layouts/be.js"},{"block_hashes":["3zFRWRcKMXoLEyI87lZBPnRzBdkxTg8TBYI3Pjj/R8Y=","LjF9EvNKziPv9W07hp76FetIzghbAUnVL48AZQgjjHc="],"block_size":4096,"path":"layouts/bg.js"},{"block_hashes":["YvIRPdarpruKCpwDBioqbETYTqSP0n/DyA++wDyvOuQ=","+1UvoGsgLYmeCsnGLHxgTtVtVax+4y2/IwGlSwOzeSk="],"block_size":4096,"path":"layouts/bg_phone.js"},{"block_hashes":["lGiXSWc+4afGPMZV7lBp3fQqxo60yMeUyds3IZAPZxg=","K4CxT8b9LDk985pmr8lAxVpWhleC4khICv5HwB6rMHs="],"block_size":4096,"path":"layouts/bn_inscript.js"},{"block_hashes":["nTofc0nFP8aVDLrsu6zlcC4NzgL3Uvyl0BAezYd3Oe4=","B9ZOmX7wbBqs6KINHATcY+zQzPvlbsM+XtMuhn1P1GQ=","JdNqirlKac6H9i1yi9k5RRZpT0iRxmG32Nuj42SwJu4=","sni3XypY6WG7JEE615pWnz1Y+zvZ+9CXYTcMRV64/Tc="],"block_size":4096,"path":"layouts/bn_phone.js"},{"block_hashes":["j4NwOIb0frsW3V/uTRk4OHB3kx+/J2xuqmYHsdBZxUU=","bw3T7SbmyTDXPf21EAk6lFDzWm3oEpuXZ7fdEHxmV2U=","WSxHoVxZxCzK7On34ijA7hydfUM1SzcSgX6P5esdEj4="],"block_size":4096,"path":"layouts/bs.js"},{"block_hashes":["VyIDf8M/TzRj2iVv1yI3//71zXb2bBubg+NGr5xeAcg=","raLryFnJ9SYYB3cbwkAOhZZ5XrNDNn9wiG9LruOtfsY="],"block_size":4096,"path":"layouts/ca.js"},{"block_hashes":["zpz3H3MTzF8PToH6GNrrGHxbBnnsfwR7/e5v6RPsbyo=","4cAt41/59+QCRLPAZsrSd3McKiKJwNaud7JkvwxDtEs="],"block_size":4096,"path":"layouts/ccp.js"},{"block_hashes":["rs2bq6krYV8c6zmI9+Z28SRvmgqtgQq8bzsHN3bApy8=","e1Ll8EMKwAxnMblXExGqL9q5VdVcaBcerII/s4lMfT8="],"block_size":4096,"path":"layouts/chr.js"},{"block_hashes":["UcQ2aHTlsqFTKlFDJh1WxncpKpJALcTxwToP48K86+c=","w9VC0MWVQXe+cUipmBZMYkhdFw1NATt4fPGdSrcoloA="],"block_size":4096,"path":"layouts/chr_phone.js"},{"block_hashes":["QSgeJ3aX1mCX0X2LDPMxYlTzkeoHONY18j+QUwTLltw=","0TO+GDKpp5Vor4/cyAKfAf9FyPmnvQPTmkHnJ3NEk9A="],"block_size":4096,"path":"layouts/ckb_ar.js"},{"block_hashes":["HZqitz0A+1iBR39uAEO8AcdRO67LRlD63Lfd2bw/ndA=","D8khUitW+ELAlZ6Fz4GM5F5juY3/ZoqwhxKLGpuxq60="],"block_size":4096,"path":"layouts/ckb_en.js"},{"block_hashes":["6CC6Zh/2JA/m1JA1r9ip/rllP65qQf1q5rXtDuSj56w=","JZl1u+00J1cbDeA4J3o063jwYPInKIYlpZrnDgkRfp0="],"block_size":4096,"path":"layouts/co_accents.js"},{"block_hashes":["Aaq3FS0gjrJ4xtxnzL4TYLphks80BkvY2ikRGWqcHXE=","FArrrMcRltMZIUSlt9tLPAxFwcfnK1+2e9xov5eeW8E="],"block_size":4096,"path":"layouts/crk_phone.js"},{"block_hashes":["KxAs71NUGctXlKEO0f2reZ8MqFg18n52MW9gTODUiUI=","gPN4EN+DbuqoMkZvrGEKORKDmI8gDA/PjrV772rA91I="],"block_size":4096,"path":"layouts/cs.js"},{"block_hashes":["aNO5s7fQu0RRdSX+4buBO9h34d0EDb0aK3Mdo3GTyG8=","AeUDN+jynl+3YLGrx7PNQk1J90y0DlKbS6L+ku73/+A="],"block_size":4096,"path":"layouts/cs_qwertz.js"},{"block_hashes":["WYMsoRxuO3qsKYxhiwu/b+qkvotEy9adXAdQyuVGZUk=","fJ5uy0x5SGHLYaGGswL9/R1QtzG9PBtRokpBIjQUKbQ="],"block_size":4096,"path":"layouts/da.js"},{"block_hashes":["XrxKCbeDcYyhkf0baszcof8JfVRoAIVqSf0fYMPOwVg=","dOAk40262sgjCALsKZjoMXIvohntK9XLSU6zyZ6TXkE="],"block_size":4096,"path":"layouts/de.js"},{"block_hashes":["sWwY3W1kJ1AW5ehG5gYWStnMJsyzkPXjwQTGwsDBwDg=","t8PHUMpMfJnE6XU7Y9NdL7pgiBWM93zNsdvaLoQJdQc="],"block_size":4096,"path":"layouts/de_accents.js"},{"block_hashes":["FqW9zGbASEngQKFAtoYviDpio2G3zQqlmAfnUS2zF6I=","fGsll0rFpNk738QZCNq6tjqHNzykkP/xgwd3sTS7H/Y="],"block_size":4096,"path":"layouts/de_ch.js"},{"block_hashes":["O3s54ZBhcNzFQQSrxeXrRs5pO9NwLlfCCpMR9MdZrs4=","zzg9KdlAF3hJeV4e/rAYhFFwy3UZiYc28EEm78Me46E=","4mvdN0gRtM/yidOuPMF+dzjIxcAteskQKJ4FnIgUzJI=","Po1DC4UJtO3EMBztuxsIDes6fIqFxXBVf6XfOQoyfZE="],"block_size":4096,"path":"layouts/deva_phone.js"},{"block_hashes":["ZdFUFWs6Yc1CC/lFENzgTD+l+7qnRfQg0B4M2Sf4FvA=","ozd2gB+gie+56RUAGcqiReC6j2BpKVfHSY7mne2fY94="],"block_size":4096,"path":"layouts/dz.js"},{"block_hashes":["U/ZGPicNSj2kRb70M72ze6isr7+Q2OMJPDtOPf1k/hM=","ByOHG3JPCJotwpefP77hh1mIMlZcG0TN7nWUJgn4isA="],"block_size":4096,"path":"layouts/el.js"},{"block_hashes":["UnAga9QaufjugCb0f0tHd19SL5N25nhRP+JhD3LFh4Y="],"block_size":4096,"path":"layouts/en.js"},{"block_hashes":["NYcwgvndglHz8np1dhppDDnfZmzvyVwl2JzCb2hoqM4="],"block_size":4096,"path":"layouts/en_dvorak.js"},{"block_hashes":["qCotuVMYsA3ftH0A+B2hwAUf9DtSf8TKPmVETF+Oy70=","RsxIBtAFazS2zAwFL4BXLJFuSEjOmnlfgUZE9Crx6nU="],"block_size":4096,"path":"layouts/es_accents.js"},{"block_hashes":["0595+VasCteL8OBEsT1CJl8uwUOBAbICKH+i0WrF5og=","0vVEOz4JBLdPYdV9yROkVoiPWTWRwXOw00wSDPICYwc="],"block_size":4096,"path":"layouts/es_es.js"},{"block_hashes":["6tUMmB9N9IY02YVy4yVce/En7hj+r9IabTCRfv7u4d4=","zBQw4fv/DVVIN4cG1dwRRD4wT1TrSc7Mzwg6e7o4C6c="],"block_size":4096,"path":"layouts/et.js"},{"block_hashes":["dNCunKAfJ+hiW0O3pVvWre8E84gFOZz+TEvLkDEo7fQ=","ScLc+CrRZdXK5R7ieQ4Jj8qMpne47520Pr0VeilmvWw=","ZWLrhi+d8BBumJinVLOqK6u+V5i6cdFaWw4npdLCED0=","3yoTRroFcOUr5mHg2HRatv+MwYHG/Ev7rbFYLK8zQAg=","XEe1q6R5j/WAlfB+HDBMJqQEUaTeZr7iZNoYCzCTm9U="],"block_size":4096,"path":"layouts/ethi.js"},{"block_hashes":["XhUK59QtT7A2cvEXm0O+remDws25l8q75Lkgka7mt/A=","cUcWsMFc2vJNPueRJaWh8ySbkW8nrJijQP97FGoJeDM="],"block_size":4096,"path":"layouts/eu.js"},{"block_hashes":["AI/PLAeh9UESrsYOWod6ZFKdlSZ1jR0OEhQooDjjRf4=","v0oJoRYU9H+RApKPliV7nRmkWMcFwJOGgwnY+PQOYr4="],"block_size":4096,"path":"layouts/fa.js"},{"block_hashes":["V1QmVjviI2azBRavg1KW5T0Cy8ltvAQMhT8DS0Oak3I=","7QtyexLq7sFQEHwYYP81uNEj6+gdJchzXx5Lhp4cehY=","uZHWutlrO6ri7l3mGxC1ZwpGRMYdcUYtKeqDXU5vI1I=","f9L1dV20ql5gzjzb8wwyjTxvb1l5EWcQ0PZCFGJw0L4="],"block_size":4096,"path":"layouts/ff_adlm.js"},{"block_hashes":["knqtutuyNOc2o3MtiFEHMNVUbjVH9xm8cuU1oHY/eOU=","dTqh90MRSJosuAQdp4pfJsazubI8+E2Fdu5k25DHiRE=","nZcq4lAq2suj+7MNIbbKsfSSq3qJJ1bFPphrO0xwf0g="],"block_size":4096,"path":"layouts/fi.js"},{"block_hashes":["bns7b3orCgocLHTLFUGowd9LNLd3t5LzQ5Q56ywib4M=","pq6zS51ahT4UYgbqhyNNGWs97xaInXQh6mHkmZz+zqw="],"block_size":4096,"path":"layouts/fr.js"},{"block_hashes":["M8Wgfw4PNDYPcGPgF3lnmcAM/VuwiqbOBT8nKOWHWVc=","fYisVx8uJMSX7prEfrLUwB0EqczDbT0jN0002qYjXog="],"block_size":4096,"path":"layouts/fr_accents.js"},{"block_hashes":["byP50dR9MwH6FsQqUx5IyfgJVWcNvmmr8vaBjnJc4Lo=","QRy5K26uMFgZ+DHGD3B0RJcB0jI9cCKFbfNM1nym+j8="],"block_size":4096,"path":"layouts/fy_accents.js"},{"block_hashes":["t7MUraYexxjvBHLLR8vAyK/0wWx7Hj6g7fj/rrEzrZo=","ey3HaMW018AMWBUfGEjuglY8ar/iRqY0FeFRp1vxt2c="],"block_size":4096,"path":"layouts/ga_accents.js"},{"block_hashes":["wKgIOAmav4iXC6cU1RyX8sRDHGYGGVPhykRd/pjElTQ=","Z/tZyIBV6UpUnJZtqzx9koavjmZGRvU613Zjf9s+QBk="],"block_size":4096,"path":"layouts/gd_accents.js"},{"block_hashes":["GnJpUOmUEGeMPdpzIwhyENvZ+y3BLzx+5LbSzuymIHw=","OEF93ztJjjm+Qt6hAg6LPCiBQFXE/OEadVEuWLvbeGk="],"block_size":4096,"path":"layouts/gl.js"},{"block_hashes":["YkslIslPuG3pN5J1RMhuQL1HDfMjMMzyCi0dotKEw9g=","YgORQx0LEbM4W0WWV9bU1+b8t2sbioI5ossKAcmd09M="],"block_size":4096,"path":"layouts/gu_inscript.js"},{"block_hashes":["HxzjrYh7sOigy/isr99k7zN6MRKUtnOGodDd+fTwsXQ=","etmSLxISAhualMIfVtSWzNJaBu04Ep2RMuPYytl7E1c=","dMy2XpG1IKdkl9Fql3X2gwHq+EE6vFJXPd4t09WVM9c="],"block_size":4096,"path":"layouts/gu_phone.js"},{"block_hashes":["MLdLKrG/VXbmVYmYgQ4IhRYcedjA4BKoEVV/5b/0J7A=","xBAnY/e1TDi37WCOC0i5RNvjpgCdK0yzefOLtr7Dy+0="],"block_size":4096,"path":"layouts/gu_phone2.js"},{"block_hashes":["sO0wu37O25DmDQqGAvqf5aVe6sJwcBKQqrhJ1yhmnzk=","9gIqZweFr87ikYjpY9DqFZFsfNrsKa2s09FSejV286E="],"block_size":4096,"path":"layouts/guru_inscript.js"},{"block_hashes":["3zjv4Sjj6mxDz2kzQYddURP2od0us4bZtisdmJswpuY=","OS9wXbpLuQMQ0hBCh815ozHVAhgZNR6kd8pe/gMOZvA=","50DNOzbrntqVxPoqVBB2YdRyt3K8UU+uZeoMTtom5jM=","cv+uDsrVph5PABI4eu2JNae4r78YS3rpL/UFSmr35k4="],"block_size":4096,"path":"layouts/guru_phone.js"},{"block_hashes":["XvHZOKZ+PfHFDN8u7z9OmN1WvCt6NLq+R321cUI0FXk="],"block_size":4096,"path":"layouts/hangul.js"},{"block_hashes":["Q0Jk+qAKlppbyHIqJG0eceC3UZfTb7jPY4gdTfRgTcQ="],"block_size":4096,"path":"layouts/haw.js"},{"block_hashes":["GhCTZQZgfMo3J14pT+IJgJMTL/62LRcxldVgjiQwvD8=","ix1BsgM12ZzvG1yVC6/uWekiterm+xkaZSfJRUBRzg4="],"block_size":4096,"path":"layouts/haw_accents.js"},{"block_hashes":["XBgOSDiJQU8FMWQVHMB0WycFt3qrCfhQqT3aSJlCodU=","/oJ3fPgD8F+ss/T6J6Za+7ub+mctA8bLOk+26O8Clqo="],"block_size":4096,"path":"layouts/he.js"},{"block_hashes":["pS67wxWli1b/DfSQPYHW/BrMUBZd0M2xUpCG43EHkDU=","FPDxxswwoiGgjx26swXVRCZkXRFcc4gpGwnX8MJAbYk="],"block_size":4096,"path":"layouts/hi.js"},{"block_hashes":["6r82r0yQk3xyLE6QpY/Et102jBm2Gu4fj4fH+YVHpDE=","vN6FdCjsqq53js3qDr30X6rgeRw9xzDS8+S/biGPzOI="],"block_size":4096,"path":"layouts/hi_phone.js"},{"block_hashes":["08ReyNAkqpTI8Tj0ojPQ/t57kVKVAJLFqizyWs5CqGk=","AprZhD3NXMDYI6cuSwBsVKw8QWvq4JMZhHfc1kerXYA=","XLIloKG2/eDffe66N5QXlaEuEO8iltiaFzfrOEwVS+A="],"block_size":4096,"path":"layouts/hr.js"},{"block_hashes":["8E4puYcO4SEGWqnJDrYZiHPtMILiEnxWYbGpyl62om0=","wfy9+0o8jOr9ttMBVXKSLaAE2uUIARV4jd5pNLn4l8U="],"block_size":4096,"path":"layouts/hu_101.js"},{"block_hashes":["D3vORyzusixQJXN3K6iaPoKybYLvmURcKM/lEvzYoXk=","tPa7HDD0EWhre6M2V8n5ZtUO1rvv9bM10g0Jwv1mwaE="],"block_size":4096,"path":"layouts/hy_east.js"},{"block_hashes":["lo/ZplhB3BSPXrpQhcUFBU1Mb8aRt5Vro+Tyc+bnE3M=","4ipuJUn0ol8cdXkqg0Y9zqYPu6fa2qmbxBwBEp+0m/o="],"block_size":4096,"path":"layouts/hy_west.js"},{"block_hashes":["Nf+klS1qKH3j7kdBULINPxOyL3wFQmWm67+RYXFgkkg=","vX9d97rrO11oRayngkIpa81rzGwgkUihGtJuQDn4p78="],"block_size":4096,"path":"layouts/is.js"},{"block_hashes":["ziw3Iy0EUUtSe6uZ/38ayM9cUNQBJnR4JBksO6FwZEg=","melskH+nzYOnkrc9rqWsvrHOzghlIZsHugExBpLobMM="],"block_size":4096,"path":"layouts/it.js"},{"block_hashes":["hIg/F2sk+hEFj/U9m7N+TWjpOgIQOguIlwDjsBfTP6o=","nNsBeGNw1Ae5fuHiLCwmIDFGfdWa5ZPI493u1Wawrec="],"block_size":4096,"path":"layouts/it_accents.js"},{"block_hashes":["6mAkMwOZQCMGmVVRORSGTPBIxMmwLae+VyitR/cNYJA=","3jc8827I8ihhIqUYnfCD9KB0V2X3uBJdzfAIt+j4SqY="],"block_size":4096,"path":"layouts/iu_inuktitu.js"},{"block_hashes":["aRiE4jyMwufQdV9ztT/rGX5gDOXwJkv8X5MZphTdoyM=","qhiVxBvUPLU7Oh63GtkJ7PcbkgF+8zPF1f58o8biMP8=","bHKtG8BxT3sUpp20jTJvWrNPMMapIX9np9FbLUlLl8g="],"block_size":4096,"path":"layouts/iu_nunavik.js"},{"block_hashes":["Y5eG1aBMfJPY5YxMDX9Y42l/CqV+h6nldKa7wyQ4t58=","UlR/67sXEQTxSWNc8H6EYPCHVxxB1M/lBmoYUUpU9DA="],"block_size":4096,"path":"layouts/iu_nunavut.js"},{"block_hashes":["VLQ9nBhNcWCP4V7zPZ8aoURMvp9gK1RY8FKIOTjJefo=","/oJ3fPgD8F+ss/T6J6Za+7ub+mctA8bLOk+26O8Clqo="],"block_size":4096,"path":"layouts/iw.js"},{"block_hashes":["VTE+szDE9svPA0392k+0qtuCDCCs8RqEgimPDyX2RQY=","phiDYKYjoPfu4crqoNLk5Knz74Doy3McjZ17r9QapSQ="],"block_size":4096,"path":"layouts/ka_qwerty.js"},{"block_hashes":["eZBWd05EDGoM6TLGpGWHgpJvdN5J1oB9BA+NDLuFYJc=","0WWAuSyGtUJvDvCUGg91nFWeeHacE0vANl7S+V0sdq4="],"block_size":4096,"path":"layouts/ka_typewriter.js"},{"block_hashes":["BMQx5SMaxF72ZqZUiBaJPcmWRLASZPQvavUFzIDCi98=","k7wOAr/Y66TWv+jhv048wWtyq4w3Yu+o5D1nzEWNjuY="],"block_size":4096,"path":"layouts/kk.js"},{"block_hashes":["OD20NK/+W/DBfPZZu7O0CMG/xbNyqpi1Gb53Egds1G8=","YPWPuHS/vJ1eC4LLQvwHGvtXmfyC8Yax2r1Mi6QWZYI="],"block_size":4096,"path":"layouts/km.js"},{"block_hashes":["W8mABe8Dce33XMMdhJI2CsdT9G6ZIRnEDI17U5lfD5Y=","Fsp2NDoSi0tTRllBlRTNyxIla3xkX+VFRN1tHYeYMjo="],"block_size":4096,"path":"layouts/kn_inscript.js"},{"block_hashes":["cHF5W22UfDINqQ/YagfmH5DKmcOC8vhNo0eGAqnzycw=","c06M4Z/i7MfMcIGWkbzvIlMJtN3QMF1Z2bpI2jXdDek=","P/CkjHhWL2Ftx63JgM60bgVHPW9IvOIdpxztSG99O9U="],"block_size":4096,"path":"layouts/kn_phone.js"},{"block_hashes":["YsCmGG4baGXxUsg5U9D5i9Q19oj1UVNguf7LYpM6v4k=","Dc/AjwiEYZDuYLzGK+hMyJVXhT4K/03KwRml5bhLXD0="],"block_size":4096,"path":"layouts/ko.js"},{"block_hashes":["eAHFvOZKtUUfuOtpyrPdfX0et9B58wl4+LxKEqJ/yRI="],"block_size":4096,"path":"layouts/ku.js"},{"block_hashes":["H9CgWKVPyLVBq63dYACB5cLDlGRLHMutNoteoi9UoJw=","0pA5g3QSwBu4JbQ6UwrbFULt7F31Oaml4wnSRfSAumc="],"block_size":4096,"path":"layouts/ky_cyrl.js"},{"block_hashes":["umlwv2G7m51ulozapJQT8OAMBvSr5iofygxdFZg1Wrs=","uNXUDWolLeLIpnOwcg3U2mrp2z0LhuYPJf0CLbR2WG4=","+tYE19wXF2LQtIeuhY4FJD40B4j5eURWe7UCQIg6Dlo=","5AG9vN4VvD53hL18NDnRpSWSntkyYrImDnev4442A/I="],"block_size":4096,"path":"layouts/latn_002.js"},{"block_hashes":["0NCg3q6DgVND79qRTYPzCwaWxhGt+7onMi4M3IgTHdw=","8L0TdeMFKJUDfcMO18C4jkxDNTlRfwH24rth4L1pU0I="],"block_size":4096,"path":"layouts/lb_accents.js"},{"block_hashes":["vbo8Vbl6lk2MJmrEe7JoDdVUSGWR1dy2GgzlsuCz5Pg=","i0wsF+aMwUOFleQw2X0CuP6XyWxklloRMIU9yLKeQ0g="],"block_size":4096,"path":"layouts/lis.js"},{"block_hashes":["jTBGToYIBRVG/6yjoKNZXdfAzOXw5fgyE5uJMacTfSw=","PUI3PoTJ0Pok6BtjElnGqLFe2KEOZU4goTYVG6uYFeM="],"block_size":4096,"path":"layouts/lo.js"},{"block_hashes":["GrJwnLmiWINv/X+STL7HmzjbhD++TM1nWHB6god31Yk=","WvMekyIL7JE4HcqTMNBtI95wdjlxFjaH3Niz3Pkb36g="],"block_size":4096,"path":"layouts/lt.js"},{"block_hashes":["8o0MbWepRa3a3WWXtbWWIvLpSfhzNhkOmAnH5cAgQig=","j1xOlHgBsTykMC9oeH89QnnkjRJGQOMr1DcI3YW64EQ="],"block_size":4096,"path":"layouts/lv.js"},{"block_hashes":["bHOJr5LvFPPcpTqzEMx2swaLtsms97P2iQ7Cc8yBPQg="],"block_size":4096,"path":"layouts/mez.js"},{"block_hashes":["oNnCCU15xllsWQlefNV4nJpkK5TbWqF2zZRCu4s0P6Y=","lXjpHnKEpt22Q+74omD0ATGHXtPE2Uws7Ijjc7K9cEQ="],"block_size":4096,"path":"layouts/mi.js"},{"block_hashes":["/uWYDspQm8wxJvJkNahT8QMXu5yrxfvzLUZ1iCmpfDw=","UpPGpIDHtQsWCfSXHNs65rXzMc1hchqwcfmIMs1upE8="],"block_size":4096,"path":"layouts/mk.js"},{"block_hashes":["G+TWZEFe5nf3wezfJxoIpfZ8K+ahA/2nXjzCNkoUGW0=","4B72csX0vMzQwNj2HeERakvRZV/whjEJvjoP25gR3EA="],"block_size":4096,"path":"layouts/ml_inscript.js"},{"block_hashes":["VezLkZIOF5EqcswPR/s6W65ycqm5b8SiLumL/G9ciCw=","TYUHHVdYkuSqbI9F+9wfLZstY56dOWfVte+yRJLL+uY=","R4VDrKaqEjwGNxetg1dOdCIKoI5C/5Hq5qthJT9P3zs=","C21jmG8lPkbcqOm6dZT8vMrok7y/HjL0dJb0FJU6Sk8=","eca8TEUu0py4mjhbomYPGujIt61RTPSQ2o6pGwgpdIg=","H/x/6fNokhhy3NASN/kCXBgsfzsF4E/TzSyzjcKqs0k="],"block_size":4096,"path":"layouts/ml_phone.js"},{"block_hashes":["pJTO35KdokI24BAFNOS/MCGPJevDutLCjuEsrzS14Y0=","QeggMb0dSGpGgRorcSEVXkqkl2NpcMl35+WDXri5kD8="],"block_size":4096,"path":"layouts/mn_cyrl.js"},{"block_hashes":["HdOibNs4VIq0rRR739veDplneidtzGUAAiD00IpoKI8=","2blNlNnkXp+b1psZPyPmj9mlCCAUUv8VdJChpRVzRKg=","vS/GSXH4mcDK6avS0/mXhTsp4jdOJzdm6qgiHXhxtyI=","7GRU5diR5pYVD3CTQEzHTIvf34U9ml1wclJx5J6rWBk="],"block_size":4096,"path":"layouts/mni_mtei_phone.js"},{"block_hashes":["CAMWuMwVY6wZrSCfx9d+6DRDrsOSVcHXWx0Xyum45oQ=","bIWrhL8lziFOx7Gp6mK7jvdPKgtsKQNIVBPFLEqTQFw="],"block_size":4096,"path":"layouts/mr_phone.js"},{"block_hashes":["n/J/ubS/CpEA24IKwIxMMDaykwQ+XoLGqSxmzV/uCNA=","zZUTUhkLTFQaWUqt7mEd2L6P22ef08efVrFVyCTeUOE="],"block_size":4096,"path":"layouts/mt.js"},{"block_hashes":["R6uRz4mov8tn30cm4WDkTOe5AOzQBlHNDAwrJQye+sI=","BfjlmkaVQZDod/lOhtWM4S4nyLLkxiQL5RAsECg8TQg="],"block_size":4096,"path":"layouts/my.js"},{"block_hashes":["VPnttQbTkyeHxBPgWA/rAgbxVrueMDjQAWUN4f4aSng=","+h9Ac4KYzDZcxQ4+Kcm4BMHQLN2I8RBeybl1SEodpUg="],"block_size":4096,"path":"layouts/my_myansan.js"},{"block_hashes":["jqTS8Zvz5XmWQ7T+R2uXS4K5cGe1WE6FYO+xxeDqMdM=","kgmmAN20SQS6kZW2CdOa5vXUHbyfeJoOFytzUW1wOws="],"block_size":4096,"path":"layouts/myh.js"},{"block_hashes":["3072GdMcDvme6iu0RiGObH1fncFYygN4+HXLEAT4q2c=","9+Zv/xCrOZAw57dJ5AwBcasUdiqdIG0AA/k0thdinBw="],"block_size":4096,"path":"layouts/ne_inscript.js"},{"block_hashes":["CjhI/KlH4lG+T35fXg7olBhj0x1pPURw0Mfu7w3Mt48=","zbE8kps1a1efziKicgOY93zeHbckKm8bYCe8OdIb0B0="],"block_size":4096,"path":"layouts/ne_phone.js"},{"block_hashes":["Ur4MkzCvTCWtaSe9z1Gb+ajib/sEoOa40I6OlZ7tfLE=","hJnnInVa6oUUY1uwmP9YYkA4tdTue2EOEcBLXdzGv/c="],"block_size":4096,"path":"layouts/nl.js"},{"block_hashes":["g3tjGxQWWVRRyDtmwUsvlZlKDnQd/JanABjlC6PVQOk=","mXXctH0fQPq/IEc1VzdC4d8FVUpX8JhatpVXZGA33s4="],"block_size":4096,"path":"layouts/nl_accents.js"},{"block_hashes":["as/Dil1vut0K0fqYNW44T04niujYnsE+If4lRmi40Cg=","pPko5P2/bFwSs4vU4lkfsiHzgpc60ek9CQd+tD+ROLM="],"block_size":4096,"path":"layouts/no.js"},{"block_hashes":["dvHxOUIi9cQF4WsVvLNYrgn5O8ktVHiVkxZs3DeWD4I=","HocBvmxeWUFv1hvwsoYGOvJt9eveMiPoqbS1DO0tQ4Y="],"block_size":4096,"path":"layouts/nv.js"},{"block_hashes":["WhtNXK9NFF24CJuEqDNmD3HX13Pp+KGwOSfZBjFSww4=","63Wnfoz79hqubqIVsFoc9Gq6lxv6RaFLfaAAtMOv78w="],"block_size":4096,"path":"layouts/nv_std.js"},{"block_hashes":["xcjuT8RNtQoOvm1unz2DtRafKnRi5XslwZIkj9YHU9E=","RteVhEODLt4wVH5sBui7HEufGMiaiI+2PgiGGPrwMcs="],"block_size":4096,"path":"layouts/oj.js"},{"block_hashes":["5zRAvFP75nXnUNwBScsNRtX2yR/+f5S9H4ZlndDKpIw=","/ux3yW0XeEU8NL4VkWlozvXHfLz40mOJT2f4Yjpct5Y="],"block_size":4096,"path":"layouts/oj_ojibwe.js"},{"block_hashes":["xqGxN7uvD/ORZCU5qT1ZiIoq2Jza1B4BG4Cr8VSC/e8=","oOqknyCGI6iQqWFX6tnJJ7mj14U0U9CtDq8IMxan758="],"block_size":4096,"path":"layouts/one.js"},{"block_hashes":["DZGeUvBbpSexC4ZRYkGod+7Z6UXEEwYpi/Zbx8vB9kU=","ah1ZqvqxvDlUu+/D/ZVRxx6ka4zyFx40zmETBVFgStc="],"block_size":4096,"path":"layouts/or_inscript.js"},{"block_hashes":["enDfN+MNG46OjjChtGA4GUJMCmjkDBhTwZwddIzZy2Y=","CGQuW7QhO9iq5QMHOwn57lupE/nc2KvG9aRsYbfcNBs=","wDxMYvcOY5pFiC3qUiw7IokTsanYpMuNaUqkxpIbKt4=","H3e986K9y08+z2mP2cieoaJ9m68dTbIcsUMCMpaPLTA="],"block_size":4096,"path":"layouts/or_phone.js"},{"block_hashes":["Te5NBBZWxR2DrTKeJo3OJOqeDhfRwC1346Bir81LTVA=","JEcSMAVexdNYK/8h1weC9etg7k+Ho5XJn9GOVu0YV74="],"block_size":4096,"path":"layouts/osa.js"},{"block_hashes":["n9f5nOFT1pXndfQkD8vVatSpueC8fBK28/+Nsg5waxM=","YkbCkF650khl4FysPo9U1kRVBSJxpWSf6I5gT/XyaiA="],"block_size":4096,"path":"layouts/pl.js"},{"block_hashes":["yu/DF8K6qQo+HeJkoKXfMcIE5u3tTculZ6likNqu5Rs=","LYDf6Bh1gxdSN/ArDvUnl8RkMzjDASCl/lq5Q52Ca9A="],"block_size":4096,"path":"layouts/pl_accents.js"},{"block_hashes":["NULUYPid63YQbEioSrhLYX6bgmiB3zXOnpVJQAiW6kg=","MvxzleBZa1VlX5K7sF2sU8AGGUQDvd8VC5l4ArL7LKY="],"block_size":4096,"path":"layouts/prs.js"},{"block_hashes":["wq3ko2pvxqueJpPEsFwLponiAORCwnrqyvXqBOirh5g=","NTXr8AmkdXlZtRoDLdvkOSCgrTJy4XFwSX24j4mEiW8="],"block_size":4096,"path":"layouts/ps.js"},{"block_hashes":["z/3MkvMrL4flH7i+fJP5G40JTkdtq4SjCFhI1mCJItg=","DW5PuFZuWd4Ki5+me4StHDbwdceY9+KH6/VSHSLapfE="],"block_size":4096,"path":"layouts/pt_br.js"},{"block_hashes":["O7sq58jtreYzI9pssFsDKis3e0MyNzlx5g6H0m8qFeM=","Tgn8T8JemDl+fm/iC6bx9s1zGZ1DTW8gG1uL3GeQ/nU="],"block_size":4096,"path":"layouts/pt_br_accents.js"},{"block_hashes":["KMkCC17yH8Vk8lO3Qq4gVBRglb0JL7Oh/krhDjtyvsU=","r6Ey/7YYNDaBUx/A3daB4EKwMz9L5DdG7IGgOlVRONU="],"block_size":4096,"path":"layouts/pt_pt.js"},{"block_hashes":["QfsEbngIBVtR1MG78w5qFWZg2VBrjEHJwLAeMOz0lG8=","cBCyj/cvBQE+h0p1F3tjK/ObZVfVf34yBZl3doxSV5U="],"block_size":4096,"path":"layouts/pt_pt_accents.js"},{"block_hashes":["zWdRGVV2LrHYt+h9qixwAo30/g2LTDtP82Pkfgz0+OE=","G41AybPd8GCyziqYcmYB2XHEIk/Nss3i9CxQpulvPYY="],"block_size":4096,"path":"layouts/rhg_rohg.js"},{"block_hashes":["zbCcah2brxEf/WjQyC/mhAUcqMkWtf4sbgUBSlgdGeA=","abUZmlNADUyhw/5WMF+qAK+0kK8MRJyCd5oWDUxypAg=","OKt+NDv1r6Bqz6hzAzQBf/6kpW03EQP3I8NietMpC44="],"block_size":4096,"path":"layouts/ro.js"},{"block_hashes":["9MdMj4dSv5FUnzUZwzdrQYzpw/qOf79xOue/mo0pdjQ=","8X1qHmGW5uIqscIxPNSNipSmwSDzSVq+p7cdRzpBR9o=","8sPw6j4mHJx9Ll6d+WkhmldTvMhpiDi2UZsyGwSuE+A="],"block_size":4096,"path":"layouts/ro_sr13392_primary.js"},{"block_hashes":["oEBevhKfdTc3qG9gsOKLaIhd8VAP3U6XmSRfW80PCAI=","Q7ZbKGUNtSPyzhK/YLS+cY9e5+B3v2UV1bjmcFaZ4IQ=","szVMzrKjvY6/1ZmaygAMpgnHhfFC3p7kP/hGkDSgf8E="],"block_size":4096,"path":"layouts/ro_sr13392_secondary.js"},{"block_hashes":["DmPQIBagYHkisCCrrWwgUIYbGzQ+HA9CpC0DY5tmvco=","y1WYyHce3Cr2eBkjFVjvX7AfvGuxxFJ/V2beQ8rDCwc=","D2L4K7OTIjj8eypi+u10plSvyLe7gDj3Z83H6vdM2hI="],"block_size":4096,"path":"layouts/rom.js"},{"block_hashes":["t56Z6VxR1gsUFzigeX2RwraUnfUVfgIzUWSkXpt2DPI=","Fcx4OuKKnwdSO5L+mF4OVpxAeKBItbHLPA2kP6khfXU="],"block_size":4096,"path":"layouts/ru.js"},{"block_hashes":["4gReDceAGAbQWtNzLdV4cTj567Z0WLiVLkeSOkEGAjM=","I39wgV85HG9E9dgfQ918UIAbmhimsaf9Tv+NgoW5VUI="],"block_size":4096,"path":"layouts/ru_phone.js"},{"block_hashes":["TocpoUx1dcYfrO+/wocfQAdnb1wLnjWB4o4WhDIWw9I=","ClhFQnMjIVzJId75ihc1h7issvJbvSpyPLtIBND9lJY=","VoBs86rQeieMiBd10yZKs46Gnn3qyTuDS6TQqrLVWfU="],"block_size":4096,"path":"layouts/sa_phone.js"},{"block_hashes":["U+MR+RBaXb5EFTqNa9Qbt875wqm801g98NLIMkl4G70=","wVoft550GLTM8yqNkiWDAuAQESltXjUnHM8fYpNfFDY="],"block_size":4096,"path":"layouts/sd.js"},{"block_hashes":["PgjXAK85rDovW+SQazHWc88/FRPn1EAYCi7o2/YMOY8=","/rurC6EU3D6m1G8aTMlv2pisOB7F+biupbRy+SMKxAI="],"block_size":4096,"path":"layouts/see.js"},{"block_hashes":["CxrME78I49v4VTvRbU9EWW0ENyQ0SPbdBjccegYlQi4=","2C3PZCeEaodU25EKvZXxVSVKQ6Sf8TGmyiMexyslXQQ="],"block_size":4096,"path":"layouts/si.js"},{"block_hashes":["CjjoFc/lIDV7Cmfz4/TUBo+T1vmKhw+CjjGqM16j8B4=","Ird1kUwbl81+ElRkKOj6JWp2vwthK5jBHeA9fzaae04="],"block_size":4096,"path":"layouts/sk.js"},{"block_hashes":["3hWkKunIAGS4oBV1I6DNwtR1B2RIBKwMOiGvIt3ADoM=","/2RkaDsFYUA3uoP6LYj3yoFPv+l0rx665iwWHYZqnQI="],"block_size":4096,"path":"layouts/sk_qwerty.js"},{"block_hashes":["HjmuqAM9xraUJE+D7WWbIn3A5XZ98tmRYAQ0DLQFsac=","ZUB8XY3l3chZAHxpIXK8RMQEg8tumgN5XIIoQKuOUKs="],"block_size":4096,"path":"layouts/sl.js"},{"block_hashes":["QQpBjRpYIyg8B6+FbyJoNjNEn6Qp32zgcnKdIyThAUg=","xsTGo3azinn63Jfe9sWMfX37ISPSxYv3nAHimCniOc0="],"block_size":4096,"path":"layouts/sm_accents.js"},{"block_hashes":["go4ZawSC/HRWSpQoJEjb8NYiXBaJaOjFnu2GFSjtKrI=","RAtBbMLlZYg5YLwrIZMkTTboXD8C30ebrWZ+q3feoIQ=","c5aX6Mwh6YsllSZXnP4V/ZgDgh2jM7odO+MlMv4KXXY="],"block_size":4096,"path":"layouts/sq.js"},{"block_hashes":["dtiRZgViZlo+G7JgKJfEax+2qtUBZueqn/P46oBAB+k=","xsyUJqboVUakxPpobq/kHnxAMF3iQLxQzVpkOK3DxWM="],"block_size":4096,"path":"layouts/sr_cyrl.js"},{"block_hashes":["KBQlsfEpQ0OIBwvbu31JEhm4+ZV68+NifhH7RVNpQ4w=","LVzMDyJOGRp6rI2k47v9CWK3jVIWvGDnMbtDu0Jf0dw="],"block_size":4096,"path":"layouts/sr_latn.js"},{"block_hashes":["/C1JEWSgRkDXsTzqLoAUxYDxMc8pJbkARVfsg1fV9IU=","QpweQxiuyKY/ziKdSm0NTjRcZ4EgvrXA0RkRvjkLEho=","5tIXLmJ3BZdFVRJNx3aAjo99q4w3lHna2Xj4YxSxTzM="],"block_size":4096,"path":"layouts/srp.js"},{"block_hashes":["LYRBhMpzmkwbVrjRAef0ag2+xjTmXAgaEJIjJkeA9s8=","vSydsSILiaIUfHFHZ5IZtc+Q0MQB5S1lYRRwopSXDeo="],"block_size":4096,"path":"layouts/sv.js"},{"block_hashes":["fnX6emERQyggf/BRtlVo4QrVIc43VbvZSC/Wub3coOA=","OjPtiJd73eQcERYGcAOLOp4dXSGPIKlvayns1govQcI="],"block_size":4096,"path":"layouts/ta_inscript.js"},{"block_hashes":["NNuzPV+xngSNNHGulOWYPEJgne5NvwPSTt9QlQw9BrA=","PNCFlOgCnOYlpLciPI2jSylHjXjoEfGw9N1P1RQVhp8="],"block_size":4096,"path":"layouts/ta_itrans.js"},{"block_hashes":["EsFp0FWK8xzbxBRzlshnd2WhEtWsoeSkIjWgjjXAdq8=","wnk1u9m4EXYeVMM7nygysUY+Zue9lkgpeHh07jvg0Zo=","CgmA8FpdAZmA++5FdZ/NK4Do0ytwL9pl3rFetKs7kfE="],"block_size":4096,"path":"layouts/ta_phone.js"},{"block_hashes":["T5TLZJsbis5i3oO6JtMSGzllWQqzJ9xu5xUNEWfxjL8=","UYyfANSxBWoc1mq241R8AdcYqM5Pp6KOiFse9DkDXTg="],"block_size":4096,"path":"layouts/ta_tamil99.js"},{"block_hashes":["txb2oTNyTO3Yx27QOnXsiPVVASDX6tw+QlvN+LsqMwE=","/eXlyW66CR2Dfak1oj35jrTcUjWxI31wT0YKYyenogw="],"block_size":4096,"path":"layouts/ta_typewriter.js"},{"block_hashes":["A3ba1i/q/SqGUV9GnSZD6X5IWX1W61VCzgf/CyrqfRs=","jTEx9cU05KkGR0Pne2Y634uJtn6uaW+UtCsRw68DOis="],"block_size":4096,"path":"layouts/te_inscript.js"},{"block_hashes":["q7zP0KgbIDXxMSrzTSdUVobc5NPxhXFDWcYBCCuIvq8=","j4gaif/NELGu0qbPUx6jLF/FBunRX3dL9mhgBWHH6ao=","CxPsaYmnr77EuR6rZeBs4jYCYG9KE33lk4mE+EWSjXY="],"block_size":4096,"path":"layouts/te_phone.js"},{"block_hashes":["HMIs5e3uFMyhzigkIYKuldSjQPm1tG3M/wUDDMWR0kk=","hi78TrklpI8fbtR3ABCM3hK5Ry1LgbmxJYSZGlr/bYw="],"block_size":4096,"path":"layouts/tg.js"},{"block_hashes":["8NlyDrZB/J6Q+14dI/vpeGMtAkl1MBLvXW8EMwuc4ZU=","xrFNKImVRsOT3fa29MNfL7LYllLiH0vtKCucb5ZN7A0="],"block_size":4096,"path":"layouts/th.js"},{"block_hashes":["rnopmcYyYJfJIDduQUHnNjwo9NHJyZejl9CyWMJY9Gk=","Slf3ESAPX4IaGMVpZ0dBX3z95TujzYfnusX9BbydGdc="],"block_size":4096,"path":"layouts/th_pattajoti.js"},{"block_hashes":["DT0mZE0zSavaK05k7yCkR05mf75AgWMldtcubTk50tk=","/sjRYTcphHPRNaM1VUzPuKPcU6p4WgsiWhXQSPEoyZY="],"block_size":4096,"path":"layouts/th_tis.js"},{"block_hashes":["x2E19jWbH96QgOtCH0yCdvc6enmQCSmu100ENX22r34=","VNFwji+TdYNxEgAGU5KN7tvjMkBgPyoLSyrXmcTr3OA="],"block_size":4096,"path":"layouts/tr_f.js"},{"block_hashes":["PFNIi3GlMO5qapPsGgUwrPpHpAd3cPLVHYsPpTG4eb8=","F2t9SgknzPHPKaiNaESmhgI8Gt/48DCdjb2i3jgWOgA="],"block_size":4096,"path":"layouts/tr_f_accents.js"},{"block_hashes":["xfKIz44I0OfwkYWQI/phucJEKpD/GX3Iaz2Y6Ib0emw=","n3XOLsuhNLfsrP2lYTHKZ6BafCw7u1i//GM1MPlW0/o="],"block_size":4096,"path":"layouts/tr_q.js"},{"block_hashes":["FCNU7iQ53SPbLUJVcphoPUiJc8wYbe25hY0N7gnMBeU=","SS/YEcisJIT7d4vlK9jfUDv3Pn76CVsTRQS64Ywajtg="],"block_size":4096,"path":"layouts/tr_q_accents.js"},{"block_hashes":["tu4aPjgHrnq+GcuJINmqP+OyFQEZYUDjIPanXLfo7wo=","fyfur/nC/oKTKs6W8FPlPCrhEFhjWvv9T23woWGPpgk="],"block_size":4096,"path":"layouts/tt.js"},{"block_hashes":["EC4RSo3nisdz/MqRzvNfseU49/MN23bz567wAhio/eI=","RFno038lJNqC5lcRgAfYzSInKgZOWKh9qonG5OIaJwk="],"block_size":4096,"path":"layouts/ug.js"},{"block_hashes":["lttork5gUCN1A8D6NjgeRw8AmvqLSOXIfxzwrLq2Uws=","+/oHoQeXv4vPam6teUSzqkcW2dY+va56kyeHYq5FrnE="],"block_size":4096,"path":"layouts/uk_101.js"},{"block_hashes":["s/9zmNZ4bfSnG5OiI+dJNyHk88bxmpaGymhrgBZ7mro=","FDl0p4BlmWar5by9GPDGPiB4M0lkRheqVCetWcE/41o="],"block_size":4096,"path":"layouts/ur.js"},{"block_hashes":["dA7t8KSPoRnZ9h0VVIkLCOCP2CKqsVwCWgSk/cxaCow=","O2Psid9TQ2TOviumzFiSf7FrljrSOx/K0yH2JZj5LAI="],"block_size":4096,"path":"layouts/us_intl.js"},{"block_hashes":["FT+LPQJD2UqBhY1ZT30fi8p4tuOIaRo1pqFapx56Dyo=","8jPOzYFWl/CxA4oEvdvBsYcPkIYPpsXxF+Xy67yqQck="],"block_size":4096,"path":"layouts/uz_cyrl_phone.js"},{"block_hashes":["fbKAQdtk9mtsVtlzSaib3I6NKoWYozzDQQpRCvgr34I=","2/tjrs5VB/W6uCWedRUDT8WQy5IdhP0/C96aHBOxfZ4="],"block_size":4096,"path":"layouts/uz_cyrl_type.js"},{"block_hashes":["1pxICTJmLZf8k1N0RSXxOXaDjvGyC7dZJGvFe5d6GcU=","xK0vbeKACptDjaegU47d24hiyeO8Xix2+W7NLrgL5vY="],"block_size":4096,"path":"layouts/uz_latn.js"},{"block_hashes":["HluT+H9jPBMYgd6bh+U5nQE3dcd6R9oAbq4/vzH26f4=","wwfXQFIgscJrqSeMGBiMMX97UfdzLOWYt4cLwfprlu0="],"block_size":4096,"path":"layouts/uzs.js"},{"block_hashes":["EAJHNVz4gvtp6O2YrbbE8FdlaTxyyvdf7/3XpiM4FxM=","VGxasyXu0CBifr1ZlA9zaQCBD7FupzUAJjf60UnnTuk=","f/xAKn0BIwxsQl46jM4nlZhN6YyYdXCA18i4OSI3GW8="],"block_size":4096,"path":"layouts/vi_tcvn.js"},{"block_hashes":["SLW9eyF1cigkAO5sMQmwEoSLC4ZDpNPbnrEFX5111pQ=","tGkd5kynjFcE0sKIBP5oT5nI9YY++B2Uq5SzYlEGq7U=","9VOrwJy7YFoOtjkpKXf50XFQNrjM5YIqkqF0AgOBgvc=","j/ygJo3NheE9y/fAjwEuf8ZcYKzg/RakOceHetLAHwM=","zzuMS2KQcIAPpIxBsOvPbcnIlZNM5Om5UJ/n8cSY2Rk=","WWqB/W9dYqLxyMgNasM4lsAfYGDbzZdcbQd+0FyuxG4=","duR7ldl0F46NAOz9SE2fF2Bf3NWktYBLSXSBek1VtVA=","sSS7ELPwKnJ0VmBC3LEf2VBB2Por5K9gTIFBKBC+Q8k=","DDKQXNPJVCtByg+hMNmnOepjauYXM5EYEtwlJDWxM6Y=","zVh+lJ/45HSux8BTs4WcyAlBJU/jN82GLEYN0IsP3uo=","Zw6Q2SJ0AC0Ha+40JzGEX2HfEzJFFsjKmqCaFU71Ftg=","ub2LHx8QesgL0MNpuQwHH2u+0nGt3nOceJY35W74zt4=","+ZI+ZKMEASClds+UkNIjLJhOOsAEeKdgdj2v7RdgxOY=","P2BLYhoDt9jDQyCF8Jq1ETFRYXzYlSloqX8xIVkC+gM=","GftupXT4Td4W88w+LBttGb5fP5jOL86+ExBB20+38Bk=","MBk6x7N1TMolNP8OrOfijk6u74qATCm3izgo5zPVXhg=","t0fwViw98kLLjrKRKYvvX6hS6ibiODfQEhgzwpqptGk=","CYFrjzIZVOZ0rJp0wyWznNulu9JgzRoc8Wqf7FmCW/Q=","JA3r4FfSp95yMqBGqGuVO5/kveFWXwXzgVrFjCzZQ8g="],"block_size":4096,"path":"layouts/vi_telex.js"},{"block_hashes":["BowcUfcvQiA/dpB6W9d/iUZrUqiEyJcuyfWiQORdhlo=","6L1MP/mkvbuDd05KMPp73jpYklPIxouo+9p4qiMS6rw="],"block_size":4096,"path":"layouts/vi_viqr.js"},{"block_hashes":["kGorc0QOokXQ1ytqsCmTnuzfddY8O5ssa9TPeyViMeA=","HJLjBZDlWb+yK85RFCFRjjYXq90wm1iI64/IYAXrD/Y="],"block_size":4096,"path":"layouts/vi_vni.js"},{"block_hashes":["+KbRNRql/8EjWrrtYnN+TjnC2u1bB6rqmd34OkuQwwM=","1cZSJGFNJpq0epTrxo0+7kGp+FY8EhwHDPBjj8djfGQ="],"block_size":4096,"path":"layouts/yi.js"},{"block_hashes":["HI5ci1oUXTng6uE4ESlkhPKEltwiTXIzB0QkhddXjpY=","m2RqajNOvBsPPGpBhxI27+yD3d0lZzJ90dpHe69br+Y="],"block_size":4096,"path":"layouts/yo_ng.js"},{"block_hashes":["RKLSw0u4x/QTCkfs/2poZUicRhJkZl39S/z+L2DJxOM="],"block_size":4096,"path":"options.html"},{"block_hashes":["HYEzfDS1P+ftNd6BQNFMS3Tk7kP4k6OWDACOmWDPn28="],"block_size":4096,"path":"popup.html"}],"version":2}