{"file_hashes":[{"block_hashes":["yQC+iQTBpE9HjtLi9YaZ0kxWEsBFc7BHkvyM4KMtZpw="],"block_size":4096,"path":"css/checkbox.less"},{"block_hashes":["6RkPIHiVu7axddCrKiN3DriMOJuCOcSVBSDJ03lNK/Q="],"block_size":4096,"path":"css/depend.less"},{"block_hashes":["WTuiv1IpR7NmO+rNbcQa8H91A232dwlUhEv4mBM+VcM="],"block_size":4096,"path":"css/index.less"},{"block_hashes":["+csG+KvnNgUkD1JXK8AdM+eTL2koAx/Ky3GHWa+U004="],"block_size":4096,"path":"css/options.css"},{"block_hashes":["f7+w4hZh572k8EkMP10Y5PqwGdfUIIhPHZSuG9Mu8xs="],"block_size":4096,"path":"css/reset.less"},{"block_hashes":["eHsKnAOV3z90k5ulF9WXnka+XiAXBTv95+dNkdYvyug=","jaR2Za+vCDoDMct5CVQI2HvFEFPjDEntikl0tH6la4c=","W1les/L8I0x1+YCcRWIpuWZgHO9S34NN1pVVAK8Vhas=","6o1hF5/Pkz1PNIiN9T31I0d9McgBhpuU7xzewKWMBwE=","Llu2EdmzCpMa4jrCParTW1gXinqKvVD5qHhedyRKrFI="],"block_size":4096,"path":"css/style.less"},{"block_hashes":["KvvRXMzemfQ46JqnfV0YNDekXrcXKmV6I96r/1gukB0="],"block_size":4096,"path":"css/toggle-switch.less"},{"block_hashes":["gMe71XwrWLc8sk8F4/IVnfFj1TdxHZlsdbo+37yXouc=","AUvbkN1wcJXMNwTw3J+Kp/EeIVFuuj2ktfZRNyuJtiY=","OZqCwSBqxVMsIYeaEa47GuyLhztS3zI2pbxntwsLL3U=","aE0MIsDuMNY2M63MHtwjCpyhe+3njBVHiyorsEJMmRg=","vpBaEnUhE7IfSIEeTeDbydZn3G/vPU7zR+W/vdYR7JM="],"block_size":4096,"path":"fonts/glyphicons-halflings-regular.eot"},{"block_hashes":["vjyCHZQC3s9C3ZXF7oMuR6Pip2m0kf5l5w07cPQktoI=","cY76BcUEPIdJuEmevIZUCoI4knMSafcp1QmYSPQm8YU=","gblDf4+OoFkGJsS33SIznrKeUtCB2dwMW5mQ/lqd2Fg=","osAFjM03y7dT+N150WJxH6Tdy1/A+t4mgiDrvdxta1M=","KFxkpQ/X1OIZYmyZV0gnBD0I/7Q4rEoZ12TLPbiZla4=","qJ3HEknpJyUOTKE0xBOczyiuWH8aT4DpD9OpeS0zp8Q=","F1VYRFRKTOwYnQ1IlBzXjmuz+iv2xKKdCB3RkLQX7iA=","iDXFL2HhjUUVNd7MX8osfBZneXw7CzSyzhqhsZMTtwM=","14niXwVWFNKPCD/JhSfVLJ3I51x7Z9aOQ0+DOlRjId0=","rW8jDRaI+nhDuNMKd23M+0OQn1RRQ3sNIuwCoTa4iF8=","LTx3oZUcsYEtIjSxANZJYQdJ9z+1sfCDqQM2n5FqJf4=","z78e1NRcHEDuQRnuaX7DyfGal0BkXo+HPy8ka2aHOSU=","z7soMt9rUic7rJtw31Z/mmpRhmlebZHAdOa3L9Zf688=","z7XnO7wuAzVe83D0h4Pka3yioOgIHXAKPIrUTJStDyY=","9dw/FUCLZu+CiqxocCrJjUix/eVqi5ZSMeP4kk8EJBY=","AxLiEYCfoa2YLoATkp4OH19WxtLN9FzQwT7PCikglKM="],"block_size":4096,"path":"fonts/glyphicons-halflings-regular.svg"},{"block_hashes":["QlQ011qDz9jUuETFijYTeQF0UwR3dIFl0JkDCp7md38=","CyVLaA9xytjDdSAuXdN9R0VuA+8hLoqI8h3dyklpS90=","8AnLdmJH+1AUzrVtt2m6doBEo7ODnf83WL/LNaeEFGs=","VvNkbucsc05rNUX3gZ8PbHcKCXUqgc+x1BKt0hOwlBo=","fJk5YN2lHOHn05XgCaKs1B+myMMPO7wrN1nJHW4cxzc=","8KWzqhvgqm12ZzJxXFhfX4NEaG8IAlWM4RIXbRi74jU=","SBNkCiLLjAwGNcBkULWdutAq9qKE3FVI+pStytMq1Lc=","Rk+5+9SnSgi4z1GuWkTpCmYXhswkPoBskrZXhCWWbiU=","Qc587h7jZrQPtUmyG733tk7zox6FEz89CMgNmfmmTQM=","Bz0adBIUcujFGTtZcaQgXd/vvRLtSzIi/XkLasUPsgI=","X5omcndwWcGLT6picN6ezC0VDt+HbXQj576/59tzLSo="],"block_size":4096,"path":"fonts/glyphicons-halflings-regular.ttf"},{"block_hashes":["6dKHAOmm2kfTpsnl5s+jrvqBBKu0OfwbhI0GhezVcNI=","i49ewFSO3lDDd5OSqo751jAALD8z4hQbuwSh5PWGTYg=","7Jg3sxEc0ViAXMpAZTIWvnamclFenHh364yKk/Zz16Q=","kGyAkSMoM+s3+qwn9pvtcFoSTHQ4eBJgSeFwelrXtGE=","5NSEeJAFyx5LwM6kt/GzBRwYMj1K38WVr6HFc73eXuw=","hyazWkGBK5+71A7ZVrWKN2HQyDnhzgfngdAyfNvwQzc="],"block_size":4096,"path":"fonts/glyphicons-halflings-regular.woff"},{"block_hashes":["LI6ze3x750I9Fcmw0TzwZm0xZek493neejZJR3Zhrqs="],"block_size":4096,"path":"Gruntfile.js"},{"block_hashes":["lPxop7H/6Bu2pd8PFiAg6nXoWx0EnXIW1J3Ke4x2LE8=","wni7c2p3tdNfbKYPc7+rh2cU84MlcGjZs45dn+oan6Y="],"block_size":4096,"path":"images/icons/2ba46641a3448bef48bdce18d76d2b6f.png"},{"block_hashes":["TFEKDkrPPC0Joa1fQ5mLFyDznXQ7GQ26yI0mkKKFIxk="],"block_size":4096,"path":"images/icons/defaultFavIcon.png"},{"block_hashes":["sftgHUdNAzrLgVah9LUOi10BpoGtlQr6UB7cq4A1k5Q="],"block_size":4096,"path":"images/icons/promo/icon48.png"},{"block_hashes":["I4ldEO5VKjvoaiexVFK4K9lFHRQ23six32JhA5CRWk8="],"block_size":4096,"path":"images/sprites/close.png"},{"block_hashes":["oIxoiWMBZOH2AQJrYkO7B7GFeD7q+bofqdKkXFNEdbI="],"block_size":4096,"path":"images/sprites/close_hover.png"},{"block_hashes":["rfvvgQ2wgt7VI22esFCm6UA6GENaKHUW3N8RHvlfeZI="],"block_size":4096,"path":"images/sprites/deprecated/layout_1x1.png"},{"block_hashes":["wxmDHtjkxu32cgC7QTp4NoRyx0BzQyt3w7gOH3Vc2J4="],"block_size":4096,"path":"images/sprites/deprecated/layout_1x1_hover.png"},{"block_hashes":["B+lIzsgV9EsH5kYrSQLnc4e7QbMXuZR2hBDBQeN9Ois="],"block_size":4096,"path":"images/sprites/deprecated/layout_1x2.png"},{"block_hashes":["NcL8hj2W7eFkG6cl0navr1dQYRgWO0p//SOZiBolvWo="],"block_size":4096,"path":"images/sprites/deprecated/layout_1x2_hover.png"},{"block_hashes":["Zm/zZWL7tQ34oYvXLION8IuRCjVSZt1xa/inSVLcSI8="],"block_size":4096,"path":"images/sprites/deprecated/layout_1x3.png"},{"block_hashes":["nX1gfL+kwi1d4FmwvUjiJg+f29wEtSXWJFHpGny/rgg="],"block_size":4096,"path":"images/sprites/deprecated/layout_1x3_hover.png"},{"block_hashes":["L9WM5i41B6JCYqKhSavPG5MALOKQF+6tCSD5uk6Ob90="],"block_size":4096,"path":"images/sprites/deprecated/layout_2x1.png"},{"block_hashes":["oHN7MaYF1P1J5B3KlUq2FGD1HpcLHEfaxUKbnjkS/FI="],"block_size":4096,"path":"images/sprites/deprecated/layout_2x1_hover.png"},{"block_hashes":["JR80fEzyE8GWD0kAtCAVaC8P2eBZMiWUVdEwVPn9g6w="],"block_size":4096,"path":"images/sprites/deprecated/layout_2x2.png"},{"block_hashes":["n9xURy+XLQ8MYSAyARF73C7dpoApL69fw+9p9X97UAE="],"block_size":4096,"path":"images/sprites/deprecated/layout_2x2_hover.png"},{"block_hashes":["OCk2SPLjZuFPdKBXqZxixez6QmTlWgFsxkNB6tXuTQw="],"block_size":4096,"path":"images/sprites/deprecated/layout_3x1.png"},{"block_hashes":["HFcDgJS8Hka5Ilp1fFVjyrAhWPq7A0zpkmJvF82SYd4="],"block_size":4096,"path":"images/sprites/deprecated/layout_3x1_hover.png"},{"block_hashes":["PiaLlYoyxOAU1atwqO0BVpuXl3YymtLFSi1tdmyXW6o="],"block_size":4096,"path":"images/sprites/deprecated/layout_default.png"},{"block_hashes":["bxGSrm9LjouWhpGgF4hzwrqkKM9zLm7wTgnzkFqEe1M="],"block_size":4096,"path":"images/sprites/deprecated/layout_default_hover.png"},{"block_hashes":["qq17ruWWOi1BGB0xgInBNoKCbjQf6IWchKh7MzKUyZQ="],"block_size":4096,"path":"images/sprites/deprecated/layout_scale_6x4.png"},{"block_hashes":["oNpnMli8BI+d+swd+cyS07DpYwNOkSaALCuGoKRkXPQ="],"block_size":4096,"path":"images/sprites/deprecated/layout_scale_6x4_hover.png"},{"block_hashes":["030AsjQ5ya7u0qxNu90PZ6nmZ3BalqkAqxcJbBu8q50="],"block_size":4096,"path":"images/sprites/deprecated/layout_scale_6x4_rev.png"},{"block_hashes":["hpfhr0sRJ2M3Mkp6hD+L5wo5UUOI48jhZURCurhOyi8="],"block_size":4096,"path":"images/sprites/deprecated/layout_scale_6x4_rev_hover.png"},{"block_hashes":["8Q5SWIFFfhagAS5noPHpzMZseQQW8zz+IogmidZKOhc="],"block_size":4096,"path":"images/sprites/deprecated/layout_scale_6x4_vert.png"},{"block_hashes":["UJ0LG1CReDZInBzXXHnCYmTXCgePM4qLeU1/lo+Ehcs="],"block_size":4096,"path":"images/sprites/deprecated/layout_scale_6x4_vert_hover.png"},{"block_hashes":["z5wzfhfRnvczT3zBTyD8KsuIVKsckUGA+ie3sGSBZtk="],"block_size":4096,"path":"images/sprites/deprecated/layout_scale_7x3.png"},{"block_hashes":["z4zRYK4ljNjZI0ikrxfdYA+SEr1r4vNvPIDWTJE9DaQ="],"block_size":4096,"path":"images/sprites/deprecated/layout_scale_7x3_hover.png"},{"block_hashes":["jEou3cn4RrdQxBcklcQIZFTDmQfcIObuZga02aoDRYA="],"block_size":4096,"path":"images/sprites/deprecated/layout_scale_7x3_rev.png"},{"block_hashes":["IOPeB1xrxzMYD2/Qm2JQshL88+lqN/jFObDE6Arf7qM="],"block_size":4096,"path":"images/sprites/deprecated/layout_scale_7x3_rev_hover.png"},{"block_hashes":["f4GWaxt2LGDOkQttnFwlCnCDFMZPJbHE2SL0GqyftPc="],"block_size":4096,"path":"images/sprites/deprecated/layout_scale_7x3_vert.png"},{"block_hashes":["xVL9zhqlXZeAC9fYVPpg8iJ9hemYvfo7VUge5uRbvcU="],"block_size":4096,"path":"images/sprites/deprecated/layout_scale_7x3_vert_hover.png"},{"block_hashes":["AW7MpHowDdT/H73bCVRKPODXPft08kVcggM65hdus+I=","BpLYsnRpLDuCEvhUK5vAEJBl2dLX20P484MyTMTRk04=","j3Rs4+eDJ9ANqAKPqRtR0AddFJ9fUe7iupJjY5VFvac=","bHeHvcclRvricbbUk2xC4cGXIRczrvGbJ56IR/hJvno="],"block_size":4096,"path":"images/sprites/deprecated/layouts_back.png"},{"block_hashes":["xdlNxRRq6kzEQmu/Byrc0IaR5OrsPG9EduoJLpP8L/g=","hXKDjcXUR+QGgj+vSIeEQ29aK3n0BOPC0bcLsAD1fyY=","t6WrXgw0muDDjljTdQFDa888tQU9wpfqHxyn7AizdV8=","p+qP2HMuAnd0g9m3+w1pL8JkHi86hXdOj+xSBv9PObk=","eFwW/v/aJVwkyy8lWaVBDuU6x/3pLST7+w6gWz2+alU=","AuL1qH+kH2qNaB816VUqk457W5r5THIGo41grgutTe0=","l3CehXCOmOFc6wRkbj5zF7NDrJ13wDtkmK2rhl+wSMo="],"block_size":4096,"path":"images/sprites/layouts.png"},{"block_hashes":["HK/dKTtQ4C4xzXtqTIDgoLt6nRWwg5BWGRxoNB4tAyM="],"block_size":4096,"path":"images/sprites/warning.png"},{"block_hashes":["SkWsraUp0EUAH4CitkqCv9xMtJAJuZlzzk5m+Il2axM=","4UPNTNJj8s1ESCZITk4ny8J1oAu+8nk+Dx/1PhcIsSI=","dba14FfIlh31HsQ0fPPeAyrZS9dvZmpb8emZ3UJsAK8="],"block_size":4096,"path":"index.html"},{"block_hashes":["JiQGSChgaE8j1WZGnQxIHQw/HmzaBzB2f8sz5JMkchU=","FdouQxDi1nWAoZPpj2k9Qd5vLBPbPVup+G2IT3PGnPM=","Jf+GydoxhMowsWJndasQ1q4Ab6SqY4stbCKYbfS/qgk=","Yn9/VK7a+4RNtPfYrnOqI5N6rZkROEgPZXCwv652u8M=","F02LhgTgWQtsK9peZxapZtjvTk7JczbjyVop934Y4z0="],"block_size":4096,"path":"js/background.js"},{"block_hashes":["4M4tbvZA7GhfEWqw0cTRKgABdyeONo6cgxuZm+G+oD8="],"block_size":4096,"path":"js/custom_view.js"},{"block_hashes":["3K7b+GrpHvATC2TAj6E0R6uTS+u+rilr+A92pEikoIY="],"block_size":4096,"path":"js/display.js"},{"block_hashes":["fcxyLa96HmVHs7BuFMSgigEriz3IzIp01eJS6mx/VKA=","TsMKprBLz2p7rFIMgddtuuOEAVjqTM6itlvRudYpA20="],"block_size":4096,"path":"js/layout.js"},{"block_hashes":["qIbZF+v/gy+lTy0sVZqc3dSmnokoCf4z0g22NFVwbdM=","vMXOjzgDicIQfpt+w0NNktLVS5fPXqyycZkhrDQ3wrQ=","XmerHazhwWwNBREG2aLFYcnFPMKKHqREC7QC0XaE+zI=","fLtU9uBERs1hRZE0PUeWv4FTXaypvzqUDgJ/V6C7auQ=","oqcXBjPRiOxxlCdWSqh8tHKiqRVdukL286zJjYLowPU=","1SSjr6BNl3Mf/VYZz2hBVfg1Qn4+w+yI+zdk4DCGgVY=","/o3L50Ll2Q8wqNeYs4ajiFBwckz6mMsm33DN0P146aQ=","iITcHG1FwiaOe+AA2Hb+fDrerCjxfG7h1EdDwn4lnQU=","m2aXwUbolFB08vSSpyq4O/WQ1o3DDqgQdeHaEXMQ4p8=","EPYZt0SMytTGXKOZ1XrPC7xuT6tqX2UM6rZ5zTkyPyY=","o5AgPd0KzpTVOg+nTHh0L9FfcVn5E1/RDYWl34BWpKs=","UjaIlAn42w3tGbbD6Kbp1gPImKDiv1UrY09CtoqwsqY=","deizHSvCtqEeX45G9L7Koj9YvDLbCfTcux6JDU4RiU4=","WBFxWY8JmyHBy9N87yRYuhKMDr632sZSq3lnJ+wxp3M=","j0P25cmd97SjeGhAqzCmlMMmogduqI3ainbn4OMFPmo=","0WgsKJMbnJlEJTKQdMOH9sBPlJ327lLejL78u+pwA0E=","/g8HaEMGyIP6UDrkqKQ45z+S2Bbf5mY961SebCeL8CU=","j8AV+yoZ9d/Tvvpf4BJdJQRTWiue9pxS3zzPAJYue5Q=","264TiuOeMmX2P+MaI/45igiPLKttwOJCwCJuJi2EDG4=","WjlEoWoZoeJ4RvHLmqMlC9XR3cxvcrXlp3rxDugEhpU=","zUf1InlNKMXe16EHyRo1KzgfvZcAouKClhWY3eYlB5g=","+g5Xcoa6KhdY4+ue92GqGISFw23HLs8saGuy41OOyxM=","TIz/Pj2PVPtNjOF+TgIFpIbh9unn1C/uentswtl2tHQ=","LZcJPdIswWf/qk2wcxMNK9h9oXsvh717t6wtF7SKMxc="],"block_size":4096,"path":"js/lib/jquery.min.js"},{"block_hashes":["QeeT7DTm95fVJevIWoRE+p8mstJtUBpL7XGOM+ijGzs="],"block_size":4096,"path":"js/lib/sortable.js"},{"block_hashes":["bR8cVtLJb6yh15g1SMsZBQBgqbuAxD5Fm3Lqk0SWXUw=","5qxnKY8gTiIRSrae5KvigDxeJyEQzwnlDNzHLDGemQo="],"block_size":4096,"path":"js/main.js"},{"block_hashes":["27bjSMoORX1Mt3bnhxQNrZtBlDzOKmjxDbHmeLX+8lU=","uY1BTCQK013SypkeR8JztampSG5oNY1t26+OSVgpiv8=","AbpHGcgLb+kRsJGnwFEktk7uzpZOCcBY74+YBdrKVGs="],"block_size":4096,"path":"js/main_view.js"},{"block_hashes":["xH8d9QevSSEDf3WxhxOMHLPs13M2Fozlv/wgac9OC3g="],"block_size":4096,"path":"js/option_page.js"},{"block_hashes":["BMQ9w3pCcCjJYG45bxP1kwKhRFnB1Dr0oa6uxY/9mwc="],"block_size":4096,"path":"js/options.js"},{"block_hashes":["zQBNISJzP9bLODxBiupaOG9u4iHc3+VNdYypwrQ3pYg="],"block_size":4096,"path":"js/resize.js"},{"block_hashes":["slviOn9u8LDpaz2jTQ4CVVYCfMRTFFugz0QKjDbJkW8="],"block_size":4096,"path":"js/tracking.js"},{"block_hashes":["csxDPdkH6BAlP1myUvenodPRouhF5IBBVjDONMj8wXE="],"block_size":4096,"path":"js/utility.js"},{"block_hashes":["TwJIx2pFW+gi6OQNahZ9k6bsdw7lSVzovT1u1XEETEA=","+WZZTyNj7vKaky27VUYUy0Z98kRVoNpxUbCrNWacZA8=","pY/kmEIJVrL84lFA1YdLiX+HH69rvmkEqkSP3vkCCMY=","q/XmAoDx4TKe89bOpGDtLBGzRVFVKlI+FiRA/96in7M=","LDXiqAjZ/Lfy86U3Gox5GLFOt7ZazZvVhoxeQoEoenY=","TGwOzjImRbQIDTSo71tlq5qyd6metMZHg3Moyo1c27I=","JZ+x3gEeNdpupJumz82y94nMF91yFZEiMbo+DjSE12M=","9CHHSeSRlbC4EPkl3zaCpaoeLUYZgbIn+H0Dgl8g7kQ=","JtNA0MbbL2NMZQI6ZPiCZBo2OBi7JyDyg9YTkJNRX0c="],"block_size":4096,"path":"LICENSE.md"},{"block_hashes":["/CGgedl73FKdgsTLTNE84LFXHQooeVIrk8t+4epo8k4=","GGUJlOYiriLYnbxsk3rQA8Xgt/TRc6b0tf0xfVgbYBE="],"block_size":4096,"path":"options.html"},{"block_hashes":["vdB/nO0btpGqCgZHIUjDPel+iDm/XqOIi0LO6J0QfKU="],"block_size":4096,"path":"package.json"},{"block_hashes":["72b+9aXygfUY2e7ois1AVI5lDnBA8cpCczaw9E1s/O8=","b5jlx6viIdPkdLx3sRCjg/pboizoROKvVCRc0S6sSWQ=","xn1s3kQyx8n5GcmlbkpoUqHFat5B+vinWA1rBZJ1RR8=","EDxSj8IGl0mt6OVZe6dtryzH+UW4e/q7KEHEKaXqSII=","RsNhtNW4b483DFTqkosk8+bMQbl3GalCZeNH05mxGRU=","pWOCp29QzA3X/wmdJuzsCya/+BQOVQ7bJW99lQjK9FA="],"block_size":4096,"path":"public/style.css"},{"block_hashes":["KF64M63J9KW2C8fkb4Pbeyw34Hqita/RlD+4aubXHT0=","Wp+7kvrd194JsKyn7t3/LbZyqj31NQJ0GqD5oAHSxxE=","fZ7lUW2fJHFSd+cPVJpQqVsi1617xFLda6yfZh0+1M8=","4sBGM0DPZZIlgXQORMK1AnD+kjxYWNzoRubsUY7oL2U=","JDaKlQUg7NouEalYQsTPaOa3337wBfWOEXxTvZLkqus=","Y4HchxvSdK5BELH5lK6QBeHKDpLBmxS9iOhGF/ud9RY=","66W3N5iwL79xHs26N23b9/ovKAv38lkIku9J4LVunY8=","xCZImn06xznAlvN1Bl9PZaz85jSev8u0qUnU2sTpFd0=","9M3+PpOYOGpFDCh5RoCoHKxnXI3NGuk2CfiW3fCp0fg="],"block_size":4096,"path":"public/tabResize.js"},{"block_hashes":["SNTyyvNCrOCVr95qyU+ecA8jVGx7+Efqeu6RdL1k6Jc=","C8V5IyNsl1q+xRbzgSKvFZg8I7xxQ+XJG2GjZ+KebtY=","0TNeRawbcT1uXt4Od+jG92YSK2JWLUTvLUTFVXB/OkQ=","jXoYfFeQla9Qmvpw2z7r6sPRhNPBgCuxXS+2KekW90s=","y2qBccbyZKE8bu+1pDKMpA98eXcff3/dhAftU0DkF/w="],"block_size":4096,"path":"public/tabResize.min.js"},{"block_hashes":["JiQGSChgaE8j1WZGnQxIHQw/HmzaBzB2f8sz5JMkchU=","FdouQxDi1nWAoZPpj2k9Qd5vLBPbPVup+G2IT3PGnPM=","Jf+GydoxhMowsWJndasQ1q4Ab6SqY4stbCKYbfS/qgk=","Yn9/VK7a+4RNtPfYrnOqI5N6rZkROEgPZXCwv652u8M=","F02LhgTgWQtsK9peZxapZtjvTk7JczbjyVop934Y4z0="],"block_size":4096,"path":"public/tabResize_background.js"},{"block_hashes":["pPY7ms72Ld01k2QCdV2ctNcE8SLwhcSpRFOdePgLCDQ=","KChyj5ELBO8Vs6xkiug7zoOarLZC6gbknmr0LPLqEJk="],"block_size":4096,"path":"public/tabResize_background.min.js"},{"block_hashes":["xmOv8gT3jbnW9vKN0JmTDgJCiYH82OsoDw43wfV3gK0=","CsJRAOQnxaU2sRvlNT3/7QdFG7P0ESzJdflTwg+cm5s="],"block_size":4096,"path":"README.md"}],"version":2}